INSERT INTO network_schedule VALUES
('pt-ml',  false, 0, true, '06:30:00', '18 hour 30 minute'),
('pt-ml',  false, 2, true, '06:30:00', '18 hour 30 minute'),
('pt-ml',  false, 1, true, '06:30:00', '18 hour 30 minute'),
('pt-ml',  false, 3, true, '06:30:00', '18 hour 30 minute'),
('pt-ml',  false, 4, true, '06:30:00', '18 hour 30 minute'),
('pt-ml',  false, 5, true, '06:30:00', '18 hour 30 minute'),
('pt-ml',  false, 6, true, '06:30:00', '18 hour 30 minute'),
('pt-ml',  true,  0, true, '06:30:00', '18 hour 30 minute'),
('pt-ml',  true,  365, true, '06:30:00', '24 hour');

INSERT INTO line_schedule VALUES
('pt-ml-amarela',  false, 0, true, '06:30:00', '18 hour 30 minute'),
('pt-ml-amarela',  false, 2, true, '06:30:00', '18 hour 30 minute'),
('pt-ml-amarela',  false, 1, true, '06:30:00', '18 hour 30 minute'),
('pt-ml-amarela',  false, 3, true, '06:30:00', '18 hour 30 minute'),
('pt-ml-amarela',  false, 4, true, '06:30:00', '18 hour 30 minute'),
('pt-ml-amarela',  false, 5, true, '06:30:00', '18 hour 30 minute'),
('pt-ml-amarela',  false, 6, true, '06:30:00', '18 hour 30 minute'),
('pt-ml-amarela',  true,  0, true, '06:30:00', '18 hour 30 minute');

INSERT INTO line_schedule VALUES
('pt-ml-azul',  false, 0, true, '06:30:00', '18 hour 30 minute'),
('pt-ml-azul',  false, 2, true, '06:30:00', '18 hour 30 minute'),
('pt-ml-azul',  false, 1, true, '06:30:00', '18 hour 30 minute'),
('pt-ml-azul',  false, 3, true, '06:30:00', '18 hour 30 minute'),
('pt-ml-azul',  false, 4, true, '06:30:00', '18 hour 30 minute'),
('pt-ml-azul',  false, 5, true, '06:30:00', '18 hour 30 minute'),
('pt-ml-azul',  false, 6, true, '06:30:00', '18 hour 30 minute'),
('pt-ml-azul',  true,  0, true, '06:30:00', '18 hour 30 minute'),
('pt-ml-azul',  true,  365, true, '06:30:00', '24 hour');

INSERT INTO line_schedule VALUES
('pt-ml-verde',  false, 0, true, '06:30:00', '18 hour 30 minute'),
('pt-ml-verde',  false, 2, true, '06:30:00', '18 hour 30 minute'),
('pt-ml-verde',  false, 1, true, '06:30:00', '18 hour 30 minute'),
('pt-ml-verde',  false, 3, true, '06:30:00', '18 hour 30 minute'),
('pt-ml-verde',  false, 4, true, '06:30:00', '18 hour 30 minute'),
('pt-ml-verde',  false, 5, true, '06:30:00', '18 hour 30 minute'),
('pt-ml-verde',  false, 6, true, '06:30:00', '18 hour 30 minute'),
('pt-ml-verde',  true,  0, true, '06:30:00', '18 hour 30 minute'),
('pt-ml-verde',  true,  365, true, '06:30:00', '24 hour');

INSERT INTO line_schedule VALUES
('pt-ml-vermelha',  false, 0, true, '06:30:00', '18 hour 30 minute'),
('pt-ml-vermelha',  false, 2, true, '06:30:00', '18 hour 30 minute'),
('pt-ml-vermelha',  false, 1, true, '06:30:00', '18 hour 30 minute'),
('pt-ml-vermelha',  false, 3, true, '06:30:00', '18 hour 30 minute'),
('pt-ml-vermelha',  false, 4, true, '06:30:00', '18 hour 30 minute'),
('pt-ml-vermelha',  false, 5, true, '06:30:00', '18 hour 30 minute'),
('pt-ml-vermelha',  false, 6, true, '06:30:00', '18 hour 30 minute'),
('pt-ml-vermelha',  true,  0, true, '06:30:00', '18 hour 30 minute'),
('pt-ml-vermelha',  true,  365, true, '06:30:00', '24 hour');

INSERT INTO station VALUES
('pt-ml-ap', 'Aeroporto', 'pt-ml', '{}'),
('pt-ml-am', 'Alameda', 'pt-ml', '{"Técnico"}'),
('pt-ml-af', 'Alfornelos', 'pt-ml', '{}'),
('pt-ml-ah', 'Alto dos Moinhos', 'pt-ml', '{"Centro Administrativo", "Benfica"}'),
('pt-ml-al', 'Alvalade', 'pt-ml', '{}'),
('pt-ml-as', 'Amadora Este', 'pt-ml', '{"Falagueira"}'),
('pt-ml-ax', 'Ameixoeira', 'pt-ml', '{"Santa Clara", "Carriche"}'),
('pt-ml-an', 'Anjos', 'pt-ml', '{}'),
('pt-ml-ae', 'Areeiro', 'pt-ml', '{"Roma-Areeiro"}'),
('pt-ml-ar', 'Arroios', 'pt-ml', '{}'),
('pt-ml-av', 'Avenida', 'pt-ml', '{"Liberdade"}'),
('pt-ml-bc', 'Baixa-Chiado', 'pt-ml', '{"Augusta", "Camões", "Bluestation"}'),
('pt-ml-bv', 'Bela Vista', 'pt-ml', '{}'),
('pt-ml-cr', 'Cabo Ruivo', 'pt-ml', '{"Olivais Velho"}'),
('pt-ml-cs', 'Cais do Sodré', 'pt-ml', '{}'),
('pt-ml-cg', 'Campo Grande', 'pt-ml', '{"Sporting", "FCUL"}'),
('pt-ml-cp', 'Campo Pequeno', 'pt-ml', '{}'),
('pt-ml-ca', 'Carnide', 'pt-ml', '{}'),
('pt-ml-ch', 'Chelas', 'pt-ml', '{"Amendoeiras", "Marvila"}'),
('pt-ml-cu', 'Cidade Universitária', 'pt-ml', '{"FDUL", "FLUL", "Reitoria"}'),
('pt-ml-cm', 'Colégio Militar/Luz', 'pt-ml', '{"Benfica", "Estrada da Luz", "Luz"}'),
('pt-ml-en', 'Encarnação', 'pt-ml', '{}'),
('pt-ml-ec', 'Entre Campos', 'pt-ml', '{}'),
('pt-ml-in', 'Intendente', 'pt-ml', '{}'),
('pt-ml-jz', 'Jardim Zoológico', 'pt-ml', '{"Sete Rios"}'),
('pt-ml-la', 'Laranjeiras', 'pt-ml', '{}'),
('pt-ml-lu', 'Lumiar', 'pt-ml', '{}'),
('pt-ml-mp', 'Marquês de Pombal', 'pt-ml', '{"Rotunda"}'),
('pt-ml-mm', 'Martim Moniz', 'pt-ml', '{"Socorro"}'),
('pt-ml-mo', 'Moscavide', 'pt-ml', '{}'),
('pt-ml-od', 'Odivelas', 'pt-ml', '{}'),
('pt-ml-ol', 'Olaias', 'pt-ml', '{}'),
('pt-ml-os', 'Olivais', 'pt-ml', '{}'),
('pt-ml-or', 'Oriente', 'pt-ml', '{}'),
('pt-ml-pa', 'Parque', 'pt-ml', '{"Eduardo"}'),
('pt-ml-pi', 'Picoas', 'pt-ml', '{}'),
('pt-ml-po', 'Pontinha', 'pt-ml', '{"Feira Popular"}'),
('pt-ml-pe', 'Praça de Espanha', 'pt-ml', '{"Palhavã"}'),
('pt-ml-qc', 'Quinta das Conchas', 'pt-ml', '{"Quinta do Lambert", "Quinta das Mouras"}'),
('pt-ml-ra', 'Rato', 'pt-ml', '{"Belas Artes"}'),
('pt-ml-rb', 'Reboleira', 'pt-ml', '{"Amadora Sul"}'),
('pt-ml-re', 'Restauradores', 'pt-ml', '{}'),
('pt-ml-rm', 'Roma', 'pt-ml', '{"Roma-Areeiro"}'),
('pt-ml-ro', 'Rossio', 'pt-ml', '{"Praça da Figueira", "Figueira"}'),
('pt-ml-sa', 'Saldanha', 'pt-ml', '{"Técnico", "Arco do Cego"}'),
('pt-ml-sp', 'Santa Apolónia', 'pt-ml', '{}'),
('pt-ml-ss', 'São Sebastião', 'pt-ml', '{}'),
('pt-ml-sr', 'Senhor Roubado', 'pt-ml', '{"Malaposta"}'),
('pt-ml-te', 'Telheiras', 'pt-ml', '{}'),
('pt-ml-tp', 'Terreiro do Paço', 'pt-ml', '{"Campo das Cebolas", "Ministérios"}');

INSERT INTO line_has_station VALUES
('pt-ml-amarela', 'pt-ml-od', 100),
('pt-ml-amarela', 'pt-ml-sr', 200),
('pt-ml-amarela', 'pt-ml-ax', 300),
('pt-ml-amarela', 'pt-ml-lu', 400),
('pt-ml-amarela', 'pt-ml-qc', 500),
('pt-ml-amarela', 'pt-ml-cg', 600),
('pt-ml-amarela', 'pt-ml-cu', 700),
('pt-ml-amarela', 'pt-ml-ec', 800),
('pt-ml-amarela', 'pt-ml-cp', 900),
('pt-ml-amarela', 'pt-ml-sa', 1000),
('pt-ml-amarela', 'pt-ml-pi', 1100),
('pt-ml-amarela', 'pt-ml-mp', 1200),
('pt-ml-amarela', 'pt-ml-ra', 1300);

INSERT INTO connection VALUES
('pt-ml-od', 'pt-ml-sr', 0, 0, 0, 977), ('pt-ml-sr', 'pt-ml-od', 0, 0, 0, 977),
('pt-ml-sr', 'pt-ml-ax', 0, 0, 0, 1771), ('pt-ml-ax', 'pt-ml-sr', 0, 0, 0, 1771),
('pt-ml-ax', 'pt-ml-lu', 0, 0, 0, 694), ('pt-ml-lu', 'pt-ml-ax', 0, 0, 0, 694),
('pt-ml-lu', 'pt-ml-qc', 0, 0, 0, 781), ('pt-ml-qc', 'pt-ml-lu', 0, 0, 0, 781),
('pt-ml-qc', 'pt-ml-cg', 0, 0, 0, 919), ('pt-ml-cg', 'pt-ml-qc', 0, 0, 0, 919),
('pt-ml-cg', 'pt-ml-cu', 0, 0, 0, 1510), ('pt-ml-cu', 'pt-ml-cg', 0, 0, 0, 1510),
('pt-ml-cu', 'pt-ml-ec', 0, 0, 0, 1272), ('pt-ml-ec', 'pt-ml-cu', 0, 0, 0, 1272),
('pt-ml-ec', 'pt-ml-cp', 0, 0, 0, 685), ('pt-ml-cp', 'pt-ml-ec', 0, 0, 0, 685),
('pt-ml-cp', 'pt-ml-sa', 0, 0, 0, 687), ('pt-ml-sa', 'pt-ml-cp', 0, 0, 0, 687),
('pt-ml-sa', 'pt-ml-pi', 0, 0, 0, 521), ('pt-ml-pi', 'pt-ml-sa', 0, 0, 0, 521),
('pt-ml-pi', 'pt-ml-mp', 0, 0, 0, 692), ('pt-ml-mp', 'pt-ml-pi', 0, 0, 0, 692),
('pt-ml-mp', 'pt-ml-ra', 0, 0, 0, 676), ('pt-ml-ra', 'pt-ml-mp', 0, 0, 0, 676);

INSERT INTO line_has_station VALUES
('pt-ml-azul', 'pt-ml-rb', 100),
('pt-ml-azul', 'pt-ml-as', 200),
('pt-ml-azul', 'pt-ml-af', 300),
('pt-ml-azul', 'pt-ml-po', 400),
('pt-ml-azul', 'pt-ml-ca', 500),
('pt-ml-azul', 'pt-ml-cm', 600),
('pt-ml-azul', 'pt-ml-ah', 700),
('pt-ml-azul', 'pt-ml-la', 800),
('pt-ml-azul', 'pt-ml-jz', 900),
('pt-ml-azul', 'pt-ml-pe', 1000),
('pt-ml-azul', 'pt-ml-ss', 1100),
('pt-ml-azul', 'pt-ml-pa', 1200),
('pt-ml-azul', 'pt-ml-mp', 1300),
('pt-ml-azul', 'pt-ml-av', 1400),
('pt-ml-azul', 'pt-ml-re', 1500),
('pt-ml-azul', 'pt-ml-bc', 1600),
('pt-ml-azul', 'pt-ml-tp', 1700),
('pt-ml-azul', 'pt-ml-sp', 1800);

INSERT INTO connection VALUES
('pt-ml-rb', 'pt-ml-as', 0, 0, 0, 959), ('pt-ml-as', 'pt-ml-rb', 0, 0, 0, 959),
('pt-ml-as', 'pt-ml-af', 0, 0, 0, 1286), ('pt-ml-af', 'pt-ml-as', 0, 0, 0, 1286),
('pt-ml-af', 'pt-ml-po', 0, 0, 0, 732), ('pt-ml-po', 'pt-ml-af', 0, 0, 0, 732),
('pt-ml-po', 'pt-ml-ca', 0, 0, 0, 820), ('pt-ml-ca', 'pt-ml-po', 0, 0, 0, 820),
('pt-ml-ca', 'pt-ml-cm', 0, 0, 0, 781), ('pt-ml-cm', 'pt-ml-ca', 0, 0, 0, 781),
('pt-ml-cm', 'pt-ml-ah', 0, 0, 0, 914), ('pt-ml-ah', 'pt-ml-cm', 0, 0, 0, 914),
('pt-ml-ah', 'pt-ml-la', 0, 0, 0, 782), ('pt-ml-la', 'pt-ml-ah', 0, 0, 0, 782),
('pt-ml-la', 'pt-ml-jz', 0, 0, 0, 859), ('pt-ml-jz', 'pt-ml-la', 0, 0, 0, 859),
('pt-ml-jz', 'pt-ml-pe', 0, 0, 0, 1007), ('pt-ml-pe', 'pt-ml-jz', 0, 0, 0, 1007),
('pt-ml-pe', 'pt-ml-ss', 0, 0, 0, 648), ('pt-ml-ss', 'pt-ml-pe', 0, 0, 0, 648),
('pt-ml-ss', 'pt-ml-pa', 0, 0, 0, 588), ('pt-ml-pa', 'pt-ml-ss', 0, 0, 0, 588),
('pt-ml-pa', 'pt-ml-mp', 0, 0, 0, 557), ('pt-ml-mp', 'pt-ml-pa', 0, 0, 0, 557),
('pt-ml-mp', 'pt-ml-av', 0, 0, 0, 531), ('pt-ml-av', 'pt-ml-mp', 0, 0, 0, 531),
('pt-ml-av', 'pt-ml-re', 0, 0, 0, 569), ('pt-ml-re', 'pt-ml-av', 0, 0, 0, 569),
('pt-ml-re', 'pt-ml-bc', 0, 0, 0, 666), ('pt-ml-bc', 'pt-ml-re', 0, 0, 0, 666),
('pt-ml-bc', 'pt-ml-tp', 0, 0, 0, 832), ('pt-ml-tp', 'pt-ml-bc', 0, 0, 0, 832),
('pt-ml-tp', 'pt-ml-sp', 0, 0, 0, 1193), ('pt-ml-sp', 'pt-ml-tp', 0, 0, 0, 1193);

INSERT INTO line_has_station VALUES
('pt-ml-verde', 'pt-ml-te', 100),
('pt-ml-verde', 'pt-ml-cg', 200),
('pt-ml-verde', 'pt-ml-al', 300),
('pt-ml-verde', 'pt-ml-rm', 400),
('pt-ml-verde', 'pt-ml-ae', 500),
('pt-ml-verde', 'pt-ml-am', 600),
('pt-ml-verde', 'pt-ml-ar', 700),
('pt-ml-verde', 'pt-ml-an', 800),
('pt-ml-verde', 'pt-ml-in', 900),
('pt-ml-verde', 'pt-ml-mm', 1000),
('pt-ml-verde', 'pt-ml-ro', 1100),
('pt-ml-verde', 'pt-ml-bc', 1200),
('pt-ml-verde', 'pt-ml-cs', 1300);

INSERT INTO connection VALUES
('pt-ml-te', 'pt-ml-cg', 0, 0, 0, 802), ('pt-ml-cg', 'pt-ml-te', 0, 0, 0, 802),
('pt-ml-cg', 'pt-ml-al', 0, 0, 0, 1775), ('pt-ml-al', 'pt-ml-cg', 0, 0, 0, 1775),
('pt-ml-al', 'pt-ml-rm', 0, 0, 0, 649), ('pt-ml-rm', 'pt-ml-al', 0, 0, 0, 649),
('pt-ml-rm', 'pt-ml-ae', 0, 0, 0, 1042), ('pt-ml-ae', 'pt-ml-rm', 0, 0, 0, 1042),
('pt-ml-ae', 'pt-ml-am', 0, 0, 0, 591), ('pt-ml-am', 'pt-ml-ae', 0, 0, 0, 591),
('pt-ml-am', 'pt-ml-ar', 0, 0, 0, 512), ('pt-ml-ar', 'pt-ml-am', 0, 0, 0, 512),
('pt-ml-ar', 'pt-ml-an', 0, 0, 0, 633), ('pt-ml-an', 'pt-ml-ar', 0, 0, 0, 633),
('pt-ml-an', 'pt-ml-in', 0, 0, 0, 416), ('pt-ml-in', 'pt-ml-an', 0, 0, 0, 416),
('pt-ml-in', 'pt-ml-mm', 0, 0, 0, 609), ('pt-ml-mm', 'pt-ml-in', 0, 0, 0, 609),
('pt-ml-mm', 'pt-ml-ro', 0, 0, 0, 475), ('pt-ml-ro', 'pt-ml-mm', 0, 0, 0, 475),
('pt-ml-ro', 'pt-ml-bc', 0, 0, 0, 518), ('pt-ml-bc', 'pt-ml-ro', 0, 0, 0, 518),
('pt-ml-bc', 'pt-ml-cs', 0, 0, 0, 877), ('pt-ml-cs', 'pt-ml-bc', 0, 0, 0, 877);

INSERT INTO line_has_station VALUES
('pt-ml-vermelha', 'pt-ml-ss', 100),
('pt-ml-vermelha', 'pt-ml-sa', 200),
('pt-ml-vermelha', 'pt-ml-am', 300),
('pt-ml-vermelha', 'pt-ml-ol', 400),
('pt-ml-vermelha', 'pt-ml-bv', 500),
('pt-ml-vermelha', 'pt-ml-ch', 600),
('pt-ml-vermelha', 'pt-ml-os', 700),
('pt-ml-vermelha', 'pt-ml-cr', 800),
('pt-ml-vermelha', 'pt-ml-or', 900),
('pt-ml-vermelha', 'pt-ml-mo', 1000),
('pt-ml-vermelha', 'pt-ml-en', 1100),
('pt-ml-vermelha', 'pt-ml-ap', 1200);

INSERT INTO connection VALUES
('pt-ml-ss', 'pt-ml-sa', 0, 0, 0, 763), ('pt-ml-sa', 'pt-ml-ss', 0, 0, 0, 763),
('pt-ml-sa', 'pt-ml-am', 0, 0, 0, 1067), ('pt-ml-am', 'pt-ml-sa', 0, 0, 0, 1067),
('pt-ml-am', 'pt-ml-ol', 0, 0, 0, 909), ('pt-ml-ol', 'pt-ml-am', 0, 0, 0, 909),
('pt-ml-ol', 'pt-ml-bv', 0, 0, 0, 964), ('pt-ml-bv', 'pt-ml-ol', 0, 0, 0, 964),
('pt-ml-bv', 'pt-ml-ch', 0, 0, 0, 917), ('pt-ml-ch', 'pt-ml-bv', 0, 0, 0, 917),
('pt-ml-ch', 'pt-ml-os', 0, 0, 0, 711), ('pt-ml-os', 'pt-ml-ch', 0, 0, 0, 711),
('pt-ml-os', 'pt-ml-cr', 0, 0, 0, 693), ('pt-ml-cr', 'pt-ml-os', 0, 0, 0, 693),
('pt-ml-cr', 'pt-ml-or', 0, 0, 0, 823), ('pt-ml-or', 'pt-ml-cr', 0, 0, 0, 823),
('pt-ml-or', 'pt-ml-mo', 0, 0, 0, 1380), ('pt-ml-mo', 'pt-ml-or', 0, 0, 0, 1380),
('pt-ml-mo', 'pt-ml-en', 0, 0, 0, 1179), ('pt-ml-en', 'pt-ml-mo', 0, 0, 0, 1179),
('pt-ml-en', 'pt-ml-ap', 0, 0, 0, 1026), ('pt-ml-ap', 'pt-ml-en', 0, 0, 0, 1026);

-- Line transfers

INSERT INTO transfer VALUES
('pt-ml-bc', 'pt-ml-azul', 'pt-ml-verde', 0), ('pt-ml-bc', 'pt-ml-verde', 'pt-ml-azul', 0),
('pt-ml-mp', 'pt-ml-azul', 'pt-ml-amarela', 0), ('pt-ml-mp', 'pt-ml-amarela', 'pt-ml-azul', 0),
('pt-ml-ss', 'pt-ml-azul', 'pt-ml-vermelha', 0), ('pt-ml-ss', 'pt-ml-vermelha', 'pt-ml-azul', 0),
('pt-ml-sa', 'pt-ml-amarela', 'pt-ml-vermelha', 0), ('pt-ml-sa', 'pt-ml-vermelha', 'pt-ml-amarela', 0),
('pt-ml-am', 'pt-ml-verde', 'pt-ml-vermelha', 0), ('pt-ml-am', 'pt-ml-vermelha', 'pt-ml-verde', 0),
('pt-ml-cg', 'pt-ml-verde', 'pt-ml-amarela', 0), ('pt-ml-cg', 'pt-ml-amarela', 'pt-ml-verde', 0);

-- Wi-Fi APs linha vermelha

INSERT INTO wifiap VALUES
('24:a4:3c:04:1a:a1', 'Go Wi-Fi Free & Fast'),
('2a:a4:3c:03:1a:a1', 'Go Wi-Fi Free & Fast'),
('24:a4:3c:04:1a:60', 'Go Wi-Fi Free & Fast'),
('2a:a4:3c:03:1a:60', 'Go Wi-Fi Free & Fast'),

('24:a4:3c:04:1b:06', 'Go Wi-Fi Free & Fast'),
('24:a4:3c:04:1b:0e', 'Go Wi-Fi Free & Fast'),
('2a:a4:3c:03:1b:06', 'Go Wi-Fi Free & Fast'),
('2a:a4:3c:03:1b:0e', 'Go Wi-Fi Free & Fast'),

('24:a4:3c:16:fa:c0', 'Go Wi-Fi Free & Fast'),
('24:a4:3c:16:a7:40', 'Go Wi-Fi Free & Fast'),
('24:a4:3c:16:fa:d0', 'Go Wi-Fi Free & Fast'),
('24:a4:3c:16:a7:50', 'Go Wi-Fi Free & Fast'),

('24:a4:3c:17:0e:c0', 'Go Wi-Fi Free & Fast'),
('24:a4:3c:17:0e:d0', 'Go Wi-Fi Free & Fast'),

('2a:a4:3c:03:1a:fd', 'Go Wi-Fi Free & Fast'),
('24:a4:3c:04:1a:fd', 'Go Wi-Fi Free & Fast'),
('2a:a4:3c:03:1e:ed', 'Go Wi-Fi Free & Fast'),
('24:a4:3c:04:1e:ed', 'Go Wi-Fi Free & Fast'),

('2a:a4:3c:03:1f:61', 'Go Wi-Fi Free & Fast'),
('24:a4:3c:04:1e:e5', 'Go Wi-Fi Free & Fast'),
('24:a4:3c:04:1f:61', 'Go Wi-Fi Free & Fast'),
('2a:a4:3c:03:1e:e5', 'Go Wi-Fi Free & Fast'),

('2a:a4:3c:04:1b:0b', 'Go Wi-Fi Free & Fast'),
('24:a4:3c:04:1b:4e', 'Go Wi-Fi Free & Fast'),
('24:a4:3c:03:1b:4e', 'Go Wi-Fi Free & Fast'),
('2a:a4:3c:03:1b:0b', 'Go Wi-Fi Free & Fast'),

('24:a4:3c:04:1a:05', 'Go Wi-Fi Free & Fast'),
('24:a4:3c:04:1a:9c', 'Go Wi-Fi Free & Fast'),
('2a:a4:3c:03:1a:9c', 'Go Wi-Fi Free & Fast'),
('2a:a4:3c:03:1a:05', 'Go Wi-Fi Free & Fast'),

('24:a4:3c:04:1a:6b', 'Go Wi-Fi Free & Fast'),
('24:a4:3c:04:1b:0d', 'Go Wi-Fi Free & Fast'),
('2a:a4:3c:03:1b:0d', 'Go Wi-Fi Free & Fast'),
('2a:a4:3c:03:1a:6b', 'Go Wi-Fi Free & Fast'),
('2a:a4:3c:04:1a:6d', 'Go Wi-Fi Free & Fast'),

('24:a4:3c:04:1a:3b', 'Go Wi-Fi Free & Fast'),
('24:a4:3c:04:1a:9e', 'Go Wi-Fi Free & Fast'),
('2a:a4:3c:03:1a:3b', 'Go Wi-Fi Free & Fast'),
('2a:a4:3c:03:1a:9e', 'Go Wi-Fi Free & Fast'),

('24:a4:3c:04:1a:e7', 'Go Wi-Fi Free & Fast'),
('24:a4:3c:04:1f:fa', 'Go Wi-Fi Free & Fast'),
('2a:a4:3c:03:1f:fa', 'Go Wi-Fi Free & Fast'),
('2a:a4:3c:03:1a:e7', 'Go Wi-Fi Free & Fast'),

('24:a4:3c:04:1f:f6', 'Go Wi-Fi Free & Fast'),
('24:a4:3c:04:1e:42', 'Go Wi-Fi Free & Fast'),
('2a:a4:3c:03:1e:42', 'Go Wi-Fi Free & Fast'),
('2a:a4:3c:03:1f:f6', 'Go Wi-Fi Free & Fast');

INSERT INTO station_has_wifiap VALUES
('pt-ml-ss', '24:a4:3c:04:1a:a1', 'pt-ml-vermelha'),
('pt-ml-ss', '2a:a4:3c:03:1a:a1', 'pt-ml-vermelha'),
('pt-ml-ss', '24:a4:3c:04:1a:60', 'pt-ml-vermelha'),
('pt-ml-ss', '2a:a4:3c:03:1a:60', 'pt-ml-vermelha'),
('pt-ml-sa', '24:a4:3c:04:1b:06', 'pt-ml-vermelha'),
('pt-ml-sa', '24:a4:3c:04:1b:0e', 'pt-ml-vermelha'),
('pt-ml-sa', '2a:a4:3c:03:1b:06', 'pt-ml-vermelha'),
('pt-ml-sa', '2a:a4:3c:03:1b:0e', 'pt-ml-vermelha'),
('pt-ml-am', '24:a4:3c:16:fa:c0', 'pt-ml-vermelha'),
('pt-ml-am', '24:a4:3c:16:a7:40', 'pt-ml-vermelha'),
('pt-ml-am', '24:a4:3c:16:fa:d0', 'pt-ml-vermelha'),
('pt-ml-am', '24:a4:3c:16:a7:50', 'pt-ml-vermelha'),
('pt-ml-ol', '24:a4:3c:17:0e:c0', 'pt-ml-vermelha'),
('pt-ml-ol', '24:a4:3c:17:0e:d0', 'pt-ml-vermelha'),
('pt-ml-bv', '2a:a4:3c:03:1a:fd', 'pt-ml-vermelha'),
('pt-ml-bv', '24:a4:3c:04:1a:fd', 'pt-ml-vermelha'),
('pt-ml-bv', '2a:a4:3c:03:1e:ed', 'pt-ml-vermelha'),
('pt-ml-bv', '24:a4:3c:04:1e:ed', 'pt-ml-vermelha'),
('pt-ml-ch', '2a:a4:3c:03:1f:61', 'pt-ml-vermelha'),
('pt-ml-ch', '24:a4:3c:04:1e:e5', 'pt-ml-vermelha'),
('pt-ml-ch', '24:a4:3c:04:1f:61', 'pt-ml-vermelha'),
('pt-ml-ch', '2a:a4:3c:03:1e:e5', 'pt-ml-vermelha'),
('pt-ml-os', '2a:a4:3c:04:1b:0b', 'pt-ml-vermelha'),
('pt-ml-os', '24:a4:3c:04:1b:4e', 'pt-ml-vermelha'),
('pt-ml-os', '24:a4:3c:03:1b:4e', 'pt-ml-vermelha'),
('pt-ml-os', '2a:a4:3c:03:1b:0b', 'pt-ml-vermelha'),
('pt-ml-cr', '24:a4:3c:04:1a:05', 'pt-ml-vermelha'),
('pt-ml-cr', '24:a4:3c:04:1a:9c', 'pt-ml-vermelha'),
('pt-ml-cr', '2a:a4:3c:03:1a:9c', 'pt-ml-vermelha'),
('pt-ml-cr', '2a:a4:3c:03:1a:05', 'pt-ml-vermelha'),
('pt-ml-or', '24:a4:3c:04:1a:6b', 'pt-ml-vermelha'),
('pt-ml-or', '24:a4:3c:04:1b:0d', 'pt-ml-vermelha'),
('pt-ml-or', '2a:a4:3c:03:1b:0d', 'pt-ml-vermelha'),
('pt-ml-or', '2a:a4:3c:03:1a:6b', 'pt-ml-vermelha'),
('pt-ml-or', '2a:a4:3c:04:1a:6d', 'pt-ml-vermelha'),
('pt-ml-mo', '24:a4:3c:04:1a:3b', 'pt-ml-vermelha'),
('pt-ml-mo', '24:a4:3c:04:1a:9e', 'pt-ml-vermelha'),
('pt-ml-mo', '2a:a4:3c:03:1a:3b', 'pt-ml-vermelha'),
('pt-ml-mo', '2a:a4:3c:03:1a:9e', 'pt-ml-vermelha'),
('pt-ml-en', '24:a4:3c:04:1a:e7', 'pt-ml-vermelha'),
('pt-ml-en', '24:a4:3c:04:1f:fa', 'pt-ml-vermelha'),
('pt-ml-en', '2a:a4:3c:03:1f:fa', 'pt-ml-vermelha'),
('pt-ml-en', '2a:a4:3c:03:1a:e7', 'pt-ml-vermelha'),
('pt-ml-ap', '24:a4:3c:04:1f:f6', 'pt-ml-vermelha'),
('pt-ml-ap', '24:a4:3c:04:1e:42', 'pt-ml-vermelha'),
('pt-ml-ap', '2a:a4:3c:03:1e:42', 'pt-ml-vermelha'),
('pt-ml-ap', '2a:a4:3c:03:1f:f6', 'pt-ml-vermelha');

-- Wi-Fi APs linha azul

INSERT INTO wifiap VALUES
('80:2a:a8:c1:4e:74', 'Go Wi-Fi Free & Fast'),
('82:2a:a8:c2:54:7d', 'Go Wi-Fi Free & Fast'),

('2a:a4:3c:03:1e:14', 'Go Wi-Fi Free & Fast'),
('2a:a4:3c:03:1b:94', 'Go Wi-Fi Free & Fast'),
('24:a4:3c:04:1e:14', 'Go Wi-Fi Free & Fast'),
('24:a4:3c:04:1b:94', 'Go Wi-Fi Free & Fast'),

('2a:a4:3c:04:1a:37', 'Go Wi-Fi Free & Fast'),
('2a:a4:3c:04:1a:69', 'Go Wi-Fi Free & Fast'),
('24:a4:3c:04:1a:69', 'Go Wi-Fi by Super Bock'),
('24:a4:3c:04:1a:37', 'Go Wi-Fi by Super Bock'),
('2e:a4:3c:03:1a:37', 'Go Wi-Fi Free & Fast'),
('2a:a4:3c:03:1a:37', 'Go Wi-Fi by Super Bock'),
('2a:a4:3c:03:1a:69', 'Go Wi-Fi by Super Bock'),
('2e:a4:3c:03:1a:69', 'Go Wi-Fi Free & Fast'),

('24:a4:3c:16:f9:80', 'Go Wi-Fi Free & Fast'),
('24:a4:3c:16:f9:90', 'Go Wi-Fi Free & Fast'),
('24:a4:3c:16:f2:00', 'Go Wi-Fi Free & Fast'),
('24:a4:3c:16:f2:10', 'Go Wi-Fi Free & Fast'),

('82:2a:a8:4a:ac:b4', 'Go Wi-Fi Free & Fast'),
('80:2a:a8:4a:ac:b4', 'Go Wi-Fi by Transavia'),
('2a:a4:3c:04:1a:1e', 'Go Wi-Fi Free & Fast'),
('24:a4:3c:04:1a:1e', 'Go Wi-Fi by Transavia'),
('2a:a4:3c:03:1a:1e', 'Go Wi-Fi by Transavia'),
('2e:a4:3c:03:1a:1e', 'Go Wi-Fi Free & Fast'),
('82:2a:a8:4b:ac:b4', 'Go Wi-Fi by Transavia'),
('92:2a:a8:4b:ac:b4', 'Go Wi-Fi Free & Fast'),

('24:a4:3c:16:a7:20', 'Go Wi-Fi by Transavia'),
('24:a4:3c:16:a7:21', 'Go Wi-Fi Free & Fast'),
('24:a4:3c:17:0d:c0', 'Go Wi-Fi by Transavia'),
('24:a4:3c:17:0d:c1', 'Go Wi-Fi Free & Fast'),
('24:a4:3c:16:a7:30', 'Go Wi-Fi by Transavia'),
('24:a4:3c:17:0d:d0', 'Go Wi-Fi by Transavia'),
('24:a4:3c:17:0d:d1', 'Go Wi-Fi Free & Fast'),
('24:a4:3c:16:a7:31', 'Go Wi-Fi Free & Fast'),

('82:2a:a8:c2:54:c0', 'Go Wi-Fi by Transavia'),
('92:2a:a8:c2:54:c0', 'Go Wi-Fi Free & Fast'),
('80:2a:a8:c1:54:c0', 'Go Wi-Fi by Transavia'),
('80:2a:a8:4a:b0:55', 'Go Wi-Fi by Transavia'),
('82:2a:a8:4b:b0:55', 'Go Wi-Fi by Transavia'),
('92:2a:a8:4b:b0:55', 'Go Wi-Fi Free & Fast'),
('82:2a:a8:4a:b0:55', 'Go Wi-Fi Free & Fast'),

('2a:a4:3c:03:1d:b3', 'Go Wi-Fi by Transavia'),
('2e:a4:3c:03:1d:b3', 'Go Wi-Fi Free & Fast'),
('2a:a4:3c:04:1d:b3', 'Go Wi-Fi Free & Fast'),
('24:a4:3c:04:1d:b3', 'Go Wi-Fi by Transavia'),
('2a:a4:3c:04:20:a9', 'Go Wi-Fi Free & Fast'),
('24:a4:3c:04:20:a9', 'Go Wi-Fi by Transavia'),
('2a:a4:3c:03:20:a9', 'Go Wi-Fi by Transavia'),
('2e:a4:3c:03:20:a9', 'Go Wi-Fi Free & Fast'),

('2a:a4:3c:03:1f:5e', 'Go Wi-Fi Free & Fast'),
('2a:a4:3c:04:1f:5e', 'Go Wi-Fi Free & Fast'),
('24:a4:3c:04:1f:5e', 'Go Wi-Fi by Transavia'),

('2a:a4:3c:03:1d:5b', 'Go Wi-Fi by Transavia'),
('24:a4:3c:04:1a:17', 'Go Wi-Fi by Transavia'),
('2a:a4:3c:04:1a:17', 'Go Wi-Fi Free & Fast'),
('24:a4:3c:04:1d:5b', 'Go Wi-Fi by Transavia'),
('2a:a4:3c:04:1d:5b', 'Go Wi-Fi Free & Fast'),
('2a:a4:3c:03:1a:17', 'Go Wi-Fi by Transavia'),

('2e:a4:3c:03:1e:e0', 'Go Wi-Fi Free & Fast'),
('2a:a4:3c:03:1e:e0', 'Go Wi-Fi by Transavia'),
('2e:a4:3c:03:1a:94', 'Go Wi-Fi Free & Fast'),
('24:a4:3c:04:1a:94', 'Go Wi-Fi by Transavia'),
('2a:a4:3c:03:1a:94', 'Go Wi-Fi by Transavia'),
('2a:a4:3c:04:1a:94', 'Go Wi-Fi Free & Fast'),
('24:a4:3c:04:1e:e0', 'Go Wi-Fi by Transavia'),
('2a:a4:3c:04:1e:e0', 'Go Wi-Fi Free & Fast'),

('2a:a4:3c:04:1f:f1', 'Go Wi-Fi Free & Fast'),
('24:a4:3c:03:1f:f1', 'Go Wi-Fi by Transavia'),
('2a:a4:3c:03:1f:f1', 'Go Wi-Fi by Transavia'),
('2e:a4:3c:03:1f:f1', 'Go Wi-Fi Free & Fast'),
('2a:a4:3c:04:1f:64', 'Go Wi-Fi Free & Fast'),
('24:a4:3c:04:1f:64', 'Go Wi-Fi by Transavia'),
('2e:a4:3c:03:1f:64', 'Go Wi-Fi Free & Fast'),

('24:a4:3c:16:a8:a0', 'Go Wi-Fi by Transavia'),
('24:a4:3c:16:a8:a1', 'Go Wi-Fi Free & Fast'),
('24:a4:3c:16:a8:b0', 'Go Wi-Fi by Transavia'),
('24:a4:3c:16:a8:b1', 'Go Wi-Fi Free & Fast'),

('82:2a:a8:c1:53:c6', 'Go Wi-Fi Free & Fast'),
('80:2a:a8:c1:53:c6', 'Go Wi-Fi by Transavia'),
('24:a4:3c:04:1b:60', 'Go Wi-Fi by Transavia'),
('2e:a4:3c:03:1b:60', 'Go Wi-Fi Free & Fast'),
('2a:a4:3c:03:1b:60', 'Go Wi-Fi by Transavia'),
('82:2a:a8:c2:53:c6', 'Go Wi-Fi by Transavia'),
('92:2a:a8:c2:53:c6', 'Go Wi-Fi Free & Fast'),

('24:a4:3c:04:1a:3f', 'Go Wi-Fi by Transavia'),
('2a:a4:3c:03:20:a2', 'Go Wi-Fi by Transavia'),
('2a:a4:3c:04:1a:3f', 'Go Wi-Fi Free & Fast'),
('2a:a4:3c:03:1a:3f', 'Go Wi-Fi by Transavia'),
('2e:a4:3c:03:1a:3f', 'Go Wi-Fi Free & Fast'),
('2e:a4:3c:03:20:a2', 'Go Wi-Fi Free & Fast'),
('24:a4:3c:04:20:a2', 'Go Wi-Fi by Transavia'),

('80:2a:a8:c1:52:fa', 'Go Wi-Fi by Transavia'),
('82:2a:a8:c2:52:fa', 'Go Wi-Fi by Transavia'),
('80:2a:a8:c1:55:31', 'Go Wi-Fi by Transavia'),
('82:2a:a8:c1:52:fa', 'Go Wi-Fi Free & Fast'),
('82:2a:a8:c1:55:31', 'Go Wi-Fi Free & Fast'),
('82:2a:a8:c2:55:31', 'Go Wi-Fi by Transavia'),
('92:2a:a8:c2:52:fa', 'Go Wi-Fi Free & Fast'),
('80:2a:a8:c1:54:75', 'Go Wi-Fi Free & Fast'),
('82:2a:a8:c2:54:75', 'Go Wi-Fi Free & Fast'),
('80:2a:a8:c1:54:33', 'Go Wi-Fi Free & Fast'),
('82:2a:a8:c2:54:33', 'Go Wi-Fi Free & Fast'),

('92:2a:a8:c2:51:5e', 'Go Wi-Fi Free & Fast'),
('82:2a:a8:c2:51:5e', 'Go Wi-Fi by Transavia'),
('80:2a:a8:c1:51:5e', 'Go Wi-Fi by Transavia'),
('82:2a:a8:c1:51:5e', 'Go Wi-Fi Free & Fast'),
('80:2a:a8:4a:b2:ff', 'Go Wi-Fi Free & Fast'),
('82:2a:a8:4b:b2:ff', 'Go Wi-Fi Free & Fast'),

('24:a4:3c:04:1d:28', 'Go Wi-Fi by Transavia'),
('2a:a4:3c:04:1d:28', 'Go Wi-Fi Free & Fast'),
('2e:a4:3c:03:1d:28', 'Go Wi-Fi Free & Fast'),
('2a:a4:3c:03:1d:28', 'Go Wi-Fi by Transavia');

INSERT INTO station_has_wifiap VALUES
('pt-ml-rb', '80:2a:a8:c1:4e:74', 'pt-ml-azul'),
('pt-ml-rb', '82:2a:a8:c2:54:7d', 'pt-ml-azul'),
('pt-ml-as', '2a:a4:3c:03:1e:14', 'pt-ml-azul'),
('pt-ml-as', '2a:a4:3c:03:1b:94', 'pt-ml-azul'),
('pt-ml-as', '24:a4:3c:04:1e:14', 'pt-ml-azul'),
('pt-ml-as', '24:a4:3c:04:1b:94', 'pt-ml-azul'),
('pt-ml-af', '2a:a4:3c:04:1a:37', 'pt-ml-azul'),
('pt-ml-af', '2a:a4:3c:04:1a:69', 'pt-ml-azul'),
('pt-ml-af', '24:a4:3c:04:1a:69', 'pt-ml-azul'),
('pt-ml-af', '24:a4:3c:04:1a:37', 'pt-ml-azul'),
('pt-ml-af', '2e:a4:3c:03:1a:37', 'pt-ml-azul'),
('pt-ml-af', '2a:a4:3c:03:1a:37', 'pt-ml-azul'),
('pt-ml-af', '2a:a4:3c:03:1a:69', 'pt-ml-azul'),
('pt-ml-af', '2e:a4:3c:03:1a:69', 'pt-ml-azul'),
('pt-ml-po', '24:a4:3c:16:f9:80', 'pt-ml-azul'),
('pt-ml-po', '24:a4:3c:16:f9:90', 'pt-ml-azul'),
('pt-ml-po', '24:a4:3c:16:f2:00', 'pt-ml-azul'),
('pt-ml-po', '24:a4:3c:16:f2:10', 'pt-ml-azul'),
('pt-ml-ca', '82:2a:a8:4a:ac:b4', 'pt-ml-azul'),
('pt-ml-ca', '80:2a:a8:4a:ac:b4', 'pt-ml-azul'),
('pt-ml-ca', '2a:a4:3c:04:1a:1e', 'pt-ml-azul'),
('pt-ml-ca', '24:a4:3c:04:1a:1e', 'pt-ml-azul'),
('pt-ml-ca', '2a:a4:3c:03:1a:1e', 'pt-ml-azul'),
('pt-ml-ca', '2e:a4:3c:03:1a:1e', 'pt-ml-azul'),
('pt-ml-ca', '82:2a:a8:4b:ac:b4', 'pt-ml-azul'),
('pt-ml-ca', '92:2a:a8:4b:ac:b4', 'pt-ml-azul'),
('pt-ml-cm', '24:a4:3c:16:a7:20', 'pt-ml-azul'),
('pt-ml-cm', '24:a4:3c:16:a7:21', 'pt-ml-azul'),
('pt-ml-cm', '24:a4:3c:17:0d:c0', 'pt-ml-azul'),
('pt-ml-cm', '24:a4:3c:17:0d:c1', 'pt-ml-azul'),
('pt-ml-cm', '24:a4:3c:16:a7:30', 'pt-ml-azul'),
('pt-ml-cm', '24:a4:3c:17:0d:d0', 'pt-ml-azul'),
('pt-ml-cm', '24:a4:3c:17:0d:d1', 'pt-ml-azul'),
('pt-ml-cm', '24:a4:3c:16:a7:31', 'pt-ml-azul'),
('pt-ml-ah', '82:2a:a8:c2:54:c0', 'pt-ml-azul'),
('pt-ml-ah', '92:2a:a8:c2:54:c0', 'pt-ml-azul'),
('pt-ml-ah', '80:2a:a8:c1:54:c0', 'pt-ml-azul'),
('pt-ml-ah', '80:2a:a8:4a:b0:55', 'pt-ml-azul'),
('pt-ml-ah', '82:2a:a8:4b:b0:55', 'pt-ml-azul'),
('pt-ml-ah', '92:2a:a8:4b:b0:55', 'pt-ml-azul'),
('pt-ml-ah', '82:2a:a8:4a:b0:55', 'pt-ml-azul'),
('pt-ml-la', '2a:a4:3c:03:1d:b3', 'pt-ml-azul'),
('pt-ml-la', '2e:a4:3c:03:1d:b3', 'pt-ml-azul'),
('pt-ml-la', '2a:a4:3c:04:1d:b3', 'pt-ml-azul'),
('pt-ml-la', '24:a4:3c:04:1d:b3', 'pt-ml-azul'),
('pt-ml-la', '2a:a4:3c:04:20:a9', 'pt-ml-azul'),
('pt-ml-la', '24:a4:3c:04:20:a9', 'pt-ml-azul'),
('pt-ml-la', '2a:a4:3c:03:20:a9', 'pt-ml-azul'),
('pt-ml-la', '2e:a4:3c:03:20:a9', 'pt-ml-azul'),
('pt-ml-jz', '2a:a4:3c:03:1f:5e', 'pt-ml-azul'),
('pt-ml-jz', '2a:a4:3c:04:1f:5e', 'pt-ml-azul'),
('pt-ml-jz', '24:a4:3c:04:1f:5e', 'pt-ml-azul'),
('pt-ml-pe', '2a:a4:3c:03:1d:5b', 'pt-ml-azul'),
('pt-ml-pe', '24:a4:3c:04:1a:17', 'pt-ml-azul'),
('pt-ml-pe', '2a:a4:3c:04:1a:17', 'pt-ml-azul'),
('pt-ml-pe', '24:a4:3c:04:1d:5b', 'pt-ml-azul'),
('pt-ml-pe', '2a:a4:3c:04:1d:5b', 'pt-ml-azul'),
('pt-ml-pe', '2a:a4:3c:03:1a:17', 'pt-ml-azul'),
('pt-ml-ss', '2e:a4:3c:03:1e:e0', 'pt-ml-azul'),
('pt-ml-ss', '2a:a4:3c:03:1e:e0', 'pt-ml-azul'),
('pt-ml-ss', '2e:a4:3c:03:1a:94', 'pt-ml-azul'),
('pt-ml-ss', '24:a4:3c:04:1a:94', 'pt-ml-azul'),
('pt-ml-ss', '2a:a4:3c:03:1a:94', 'pt-ml-azul'),
('pt-ml-ss', '2a:a4:3c:04:1a:94', 'pt-ml-azul'),
('pt-ml-ss', '24:a4:3c:04:1e:e0', 'pt-ml-azul'),
('pt-ml-ss', '2a:a4:3c:04:1e:e0', 'pt-ml-azul'),
('pt-ml-pa', '2a:a4:3c:04:1f:f1', 'pt-ml-azul'),
('pt-ml-pa', '24:a4:3c:03:1f:f1', 'pt-ml-azul'),
('pt-ml-pa', '2a:a4:3c:03:1f:f1', 'pt-ml-azul'),
('pt-ml-pa', '2e:a4:3c:03:1f:f1', 'pt-ml-azul'),
('pt-ml-pa', '2a:a4:3c:04:1f:64', 'pt-ml-azul'),
('pt-ml-pa', '24:a4:3c:04:1f:64', 'pt-ml-azul'),
('pt-ml-pa', '2e:a4:3c:03:1f:64', 'pt-ml-azul'),
('pt-ml-mp', '24:a4:3c:16:a8:a0', 'pt-ml-azul'),
('pt-ml-mp', '24:a4:3c:16:a8:a1', 'pt-ml-azul'),
('pt-ml-mp', '24:a4:3c:16:a8:b0', 'pt-ml-azul'),
('pt-ml-mp', '24:a4:3c:16:a8:b1', 'pt-ml-azul'),
('pt-ml-av', '82:2a:a8:c1:53:c6', 'pt-ml-azul'),
('pt-ml-av', '80:2a:a8:c1:53:c6', 'pt-ml-azul'),
('pt-ml-av', '24:a4:3c:04:1b:60', 'pt-ml-azul'),
('pt-ml-av', '2e:a4:3c:03:1b:60', 'pt-ml-azul'),
('pt-ml-av', '2a:a4:3c:03:1b:60', 'pt-ml-azul'),
('pt-ml-av', '82:2a:a8:c2:53:c6', 'pt-ml-azul'),
('pt-ml-av', '92:2a:a8:c2:53:c6', 'pt-ml-azul'),
('pt-ml-re', '24:a4:3c:04:1a:3f', 'pt-ml-azul'),
('pt-ml-re', '2a:a4:3c:03:20:a2', 'pt-ml-azul'),
('pt-ml-re', '2a:a4:3c:04:1a:3f', 'pt-ml-azul'),
('pt-ml-re', '2a:a4:3c:03:1a:3f', 'pt-ml-azul'),
('pt-ml-re', '2e:a4:3c:03:1a:3f', 'pt-ml-azul'),
('pt-ml-re', '2e:a4:3c:03:20:a2', 'pt-ml-azul'),
('pt-ml-re', '24:a4:3c:04:20:a2', 'pt-ml-azul'),
('pt-ml-bc', '80:2a:a8:c1:52:fa', 'pt-ml-azul'),
('pt-ml-bc', '82:2a:a8:c2:52:fa', 'pt-ml-azul'),
('pt-ml-bc', '80:2a:a8:c1:55:31', 'pt-ml-azul'),
('pt-ml-bc', '82:2a:a8:c1:52:fa', 'pt-ml-azul'),
('pt-ml-bc', '82:2a:a8:c1:55:31', 'pt-ml-azul'),
('pt-ml-bc', '82:2a:a8:c2:55:31', 'pt-ml-azul'),
('pt-ml-bc', '92:2a:a8:c2:52:fa', 'pt-ml-azul'),
('pt-ml-bc', '80:2a:a8:c1:54:75', 'pt-ml-azul'),
('pt-ml-bc', '82:2a:a8:c2:54:75', 'pt-ml-azul'),
('pt-ml-bc', '80:2a:a8:c1:54:33', 'pt-ml-azul'),
('pt-ml-bc', '82:2a:a8:c2:54:33', 'pt-ml-azul'),
('pt-ml-tp', '92:2a:a8:c2:51:5e', 'pt-ml-azul'),
('pt-ml-tp', '82:2a:a8:c2:51:5e', 'pt-ml-azul'),
('pt-ml-tp', '80:2a:a8:c1:51:5e', 'pt-ml-azul'),
('pt-ml-tp', '82:2a:a8:c1:51:5e', 'pt-ml-azul'),
('pt-ml-tp', '80:2a:a8:4a:b2:ff', 'pt-ml-azul'),
('pt-ml-tp', '82:2a:a8:4b:b2:ff', 'pt-ml-azul'),
('pt-ml-sp', '24:a4:3c:04:1d:28', 'pt-ml-azul'),
('pt-ml-sp', '2a:a4:3c:04:1d:28', 'pt-ml-azul'),
('pt-ml-sp', '2e:a4:3c:03:1d:28', 'pt-ml-azul'),
('pt-ml-sp', '2a:a4:3c:03:1d:28', 'pt-ml-azul');

-- Wi-Fi APs linha verde

INSERT INTO wifiap VALUES
('24:a4:3c:04:1f:e9', 'Go Wi-Fi Free & Fast'),
('24:a4:3c:04:19:f4', 'Go Wi-Fi Free & Fast'),
('2a:a4:3c:03:1f:e9', 'Go Wi-Fi Free & Fast'),
('2a:a4:3c:03:19:f4', 'Go Wi-Fi Free & Fast'),

('24:a4:3c:17:10:c0', 'Go Wi-Fi Free & Fast'),
('24:a4:3c:17:0d:60', 'Go Wi-Fi Free & Fast'),
('24:a4:3c:17:0d:70', 'Go Wi-Fi Free & Fast'),
('24:a4:3c:17:10:d0', 'Go Wi-Fi Free & Fast'),
('24:a4:3c:04:1e:eb', 'Go Wi-Fi Free & Fast'),
('2a:a4:3c:03:1e:eb', 'Go Wi-Fi Free & Fast'),

('2a:a4:3c:03:1b:01', 'Go Wi-Fi Free & Fast'),
('24:a4:3c:04:1b:01', 'Go Wi-Fi Free & Fast'),
('24:a4:3c:04:1f:70', 'Go Wi-Fi Free & Fast'),
('2a:a4:3c:03:1f:70', 'Go Wi-Fi Free & Fast'),

('24:a4:3c:04:1a:88', 'Go Wi-Fi Free & Fast'),
('24:a4:3c:04:1a:5e', 'Go Wi-Fi Free & Fast'),
('2a:a4:3c:03:1a:5e', 'Go Wi-Fi Free & Fast'),
('2a:a4:3c:03:1a:88', 'Go Wi-Fi Free & Fast'),

('24:a4:3c:04:1a:e5', 'Go Wi-Fi Free & Fast'),
('24:a4:3c:04:19:fe', 'Go Wi-Fi Free & Fast'),
('2a:a4:3c:03:1a:e5', 'Go Wi-Fi Free & Fast'),
('2a:a4:3c:03:19:fe', 'Go Wi-Fi Free & Fast'),

('24:a4:3c:16:ae:50', 'Go Wi-Fi Free & Fast'),
('24:a4:3c:16:af:00', 'Go Wi-Fi Free & Fast'),
('24:a4:3c:16:ae:40', 'Go Wi-Fi Free & Fast'),
('24:a4:3c:16:af:10', 'Go Wi-Fi Free & Fast'),
('24:a4:3c:04:1f:fb', 'Go Wi-Fi Free & Fast'),

('2a:a4:3c:03:1a:38', 'Go Wi-Fi Free & Fast'),
('24:a4:3c:04:1d:23', 'Go Wi-Fi Free & Fast'),
('24:a4:3c:04:1a:38', 'Go Wi-Fi Free & Fast'),
('2a:a4:3c:03:1d:23', 'Go Wi-Fi Free & Fast'),

('24:a4:3c:04:1a:8e', 'Go Wi-Fi Free & Fast'),
('24:a4:3c:04:1a:04', 'Go Wi-Fi Free & Fast'),
('2a:a4:3c:03:1a:04', 'Go Wi-Fi Free & Fast'),
('2a:a4:3c:03:1a:8e', 'Go Wi-Fi Free & Fast'),

('24:a4:3c:04:1b:5f', 'Go Wi-Fi Free & Fast'),
('2a:a4:3c:03:1f:6e', 'Go Wi-Fi Free & Fast'),
('24:a4:3c:04:1f:6e', 'Go Wi-Fi Free & Fast'),
('2a:a4:3c:03:1b:5f', 'Go Wi-Fi Free & Fast'),

('24:a4:3c:04:1f:ea', 'Go Wi-Fi Free & Fast'),
('2a:a4:3c:03:1b:55', 'Go Wi-Fi Free & Fast'),
('24:a4:3c:04:1b:55', 'Go Wi-Fi Free & Fast'),
('2a:a4:3c:03:1f:ea', 'Go Wi-Fi Free & Fast'),

('24:a4:3c:04:1b:1f', 'Go Wi-Fi Free & Fast'),
('24:a4:3c:04:20:9e', 'Go Wi-Fi Free & Fast'),

('92:2a:a8:c2:55:31', 'Go Wi-Fi Free & Fast'),

('80:2a:a8:4a:ac:79', 'Go Wi-Fi Free & Fast'),
('24:a4:3c:16:f6:a0', 'Go Wi-Fi Free & Fast'),
('82:2a:a8:4b:ac:79', 'Go Wi-Fi Free & Fast');

INSERT INTO station_has_wifiap VALUES
('pt-ml-te', '24:a4:3c:04:1f:e9', 'pt-ml-verde'),
('pt-ml-te', '24:a4:3c:04:19:f4', 'pt-ml-verde'),
('pt-ml-te', '2a:a4:3c:03:1f:e9', 'pt-ml-verde'),
('pt-ml-te', '2a:a4:3c:03:19:f4', 'pt-ml-verde'),
('pt-ml-cg', '24:a4:3c:17:10:c0', 'pt-ml-verde'),
('pt-ml-cg', '24:a4:3c:17:0d:60', 'pt-ml-verde'),
('pt-ml-cg', '24:a4:3c:17:0d:70', 'pt-ml-verde'),
('pt-ml-cg', '24:a4:3c:17:10:d0', 'pt-ml-verde'),
('pt-ml-cg', '24:a4:3c:04:1e:eb', 'pt-ml-verde'),
('pt-ml-cg', '2a:a4:3c:03:1e:eb', 'pt-ml-verde'),
('pt-ml-al', '2a:a4:3c:03:1b:01', 'pt-ml-verde'),
('pt-ml-al', '24:a4:3c:04:1b:01', 'pt-ml-verde'),
('pt-ml-al', '24:a4:3c:04:1f:70', 'pt-ml-verde'),
('pt-ml-al', '2a:a4:3c:03:1f:70', 'pt-ml-verde'),
('pt-ml-rm', '24:a4:3c:04:1a:88', 'pt-ml-verde'),
('pt-ml-rm', '24:a4:3c:04:1a:5e', 'pt-ml-verde'),
('pt-ml-rm', '2a:a4:3c:03:1a:5e', 'pt-ml-verde'),
('pt-ml-rm', '2a:a4:3c:03:1a:88', 'pt-ml-verde'),
('pt-ml-ae', '24:a4:3c:04:1a:e5', 'pt-ml-verde'),
('pt-ml-ae', '24:a4:3c:04:19:fe', 'pt-ml-verde'),
('pt-ml-ae', '2a:a4:3c:03:1a:e5', 'pt-ml-verde'),
('pt-ml-ae', '2a:a4:3c:03:19:fe', 'pt-ml-verde'),
('pt-ml-am', '24:a4:3c:16:ae:50', 'pt-ml-verde'),
('pt-ml-am', '24:a4:3c:16:af:00', 'pt-ml-verde'),
('pt-ml-am', '24:a4:3c:16:ae:40', 'pt-ml-verde'),
('pt-ml-am', '24:a4:3c:16:af:10', 'pt-ml-verde'),
('pt-ml-am', '24:a4:3c:04:1f:fb', 'pt-ml-verde'),
('pt-ml-ar', '2a:a4:3c:03:1a:38', 'pt-ml-verde'),
('pt-ml-ar', '24:a4:3c:04:1d:23', 'pt-ml-verde'),
('pt-ml-ar', '24:a4:3c:04:1a:38', 'pt-ml-verde'),
('pt-ml-ar', '2a:a4:3c:03:1d:23', 'pt-ml-verde'),
('pt-ml-an', '24:a4:3c:04:1a:8e', 'pt-ml-verde'),
('pt-ml-an', '24:a4:3c:04:1a:04', 'pt-ml-verde'),
('pt-ml-an', '2a:a4:3c:03:1a:04', 'pt-ml-verde'),
('pt-ml-an', '2a:a4:3c:03:1a:8e', 'pt-ml-verde'),
('pt-ml-in', '24:a4:3c:04:1b:5f', 'pt-ml-verde'),
('pt-ml-in', '2a:a4:3c:03:1f:6e', 'pt-ml-verde'),
('pt-ml-in', '24:a4:3c:04:1f:6e', 'pt-ml-verde'),
('pt-ml-in', '2a:a4:3c:03:1b:5f', 'pt-ml-verde'),
('pt-ml-mm', '24:a4:3c:04:1f:ea', 'pt-ml-verde'),
('pt-ml-mm', '2a:a4:3c:03:1b:55', 'pt-ml-verde'),
('pt-ml-mm', '24:a4:3c:04:1b:55', 'pt-ml-verde'),
('pt-ml-mm', '2a:a4:3c:03:1f:ea', 'pt-ml-verde'),
('pt-ml-ro', '24:a4:3c:04:1b:1f', 'pt-ml-verde'),
('pt-ml-ro', '24:a4:3c:04:20:9e', 'pt-ml-verde'),
-- ('pt-ml-bc', '82:2a:a8:c2:54:33', 'pt-ml-verde'), -- TODO fix line affinity (shared verde, azul)
-- ('pt-ml-bc', '80:2a:a8:c1:54:33', 'pt-ml-verde'),
-- ('pt-ml-bc', '82:2a:a8:c2:54:75', 'pt-ml-verde'),
-- ('pt-ml-bc', '80:2a:a8:c1:54:75', 'pt-ml-verde'),
-- ('pt-ml-bc', '82:2a:a8:c1:55:31', 'pt-ml-verde'),
-- ('pt-ml-bc', '80:2a:a8:c1:55:31', 'pt-ml-verde'),
-- ('pt-ml-bc', '82:2a:a8:c2:52:fa', 'pt-ml-verde'),
-- ('pt-ml-bc', '92:2a:a8:c2:52:fa', 'pt-ml-verde'),
('pt-ml-bc', '92:2a:a8:c2:55:31', 'pt-ml-verde'),
-- ('pt-ml-bc', '82:2a:a8:c2:55:31', 'pt-ml-verde'),
-- ('pt-ml-bc', '80:2a:a8:c1:52:fa', 'pt-ml-verde'),
-- ('pt-ml-bc', '82:2a:a8:c1:52:fa', 'pt-ml-verde'),
('pt-ml-cs', '80:2a:a8:4a:ac:79', 'pt-ml-verde'),
('pt-ml-cs', '24:a4:3c:16:f6:a0', 'pt-ml-verde'),
('pt-ml-cs', '82:2a:a8:4b:ac:79', 'pt-ml-verde');

-- Wi-Fi APs linha amarela

INSERT INTO wifiap VALUES

('24:a4:3c:04:1b:1e', 'Go Wi-Fi Free & Fast'),
('24:a4:3c:17:01:20', 'Go Wi-Fi Free & Fast'),
('2a:a4:3c:03:1b:1e', 'Go Wi-Fi Free & Fast'),
('24:a4:3c:17:01:30', 'Go Wi-Fi Free & Fast'),
-- Go Wi-Fi networks for pt-ml-od have been disabled
-- Using personal home networks as a work-around
('00:26:5b:52:de:f8', 'ZON-DEF0'),
('84:94:8c:a3:2f:c8', 'NOS-2FC0'),
('84:94:8c:a2:85:f8', 'NOS-85F0'),
('9c:97:26:24:b5:db', 'Vodafone-24B5DB'),
('00:26:5b:16:d5:a8', 'ZON-D5A0'),
('9c:97:26:43:12:a7', 'Vodafone-4312A7'),

('24:a4:3c:16:b2:d0', 'Go Wi-Fi Free & Fast'),
('24:a4:3c:16:f6:00', 'Go Wi-Fi Free & Fast'),
('24:a4:3c:16:b2:c0', 'Go Wi-Fi Free & Fast'),
('24:a4:3c:16:f6:10', 'Go Wi-Fi Free & Fast'),

('24:a4:3c:16:e3:30', 'Go Wi-Fi Free & Fast'),
('24:a4:3c:16:d9:90', 'Go Wi-Fi Free & Fast'),
('24:a4:3c:16:d9:80', 'Go Wi-Fi Free & Fast'),
('24:a4:3c:16:e3:20', 'Go Wi-Fi Free & Fast'),

('24:a4:3c:17:04:d0', 'Go Wi-Fi Free & Fast'),
('24:a4:3c:17:04:c0', 'Go Wi-Fi Free & Fast'),

('24:a4:3c:16:9b:d0', 'Go Wi-Fi Free & Fast'),
('24:a4:3c:16:a8:60', 'Go Wi-Fi Free & Fast'),
('24:a4:3c:16:9b:c0', 'Go Wi-Fi Free & Fast'),
('24:a4:3c:16:a8:70', 'Go Wi-Fi Free & Fast'),

('24:a4:3c:16:94:90', 'Go Wi-Fi Free & Fast'),
('24:a4:3c:16:94:80', 'Go Wi-Fi Free & Fast'),
('24:a4:3c:16:b7:90', 'Go Wi-Fi Free & Fast'),

('24:a4:3c:16:95:90', 'Go Wi-Fi Free & Fast'),
('24:a4:3c:17:03:e0', 'Go Wi-Fi Free & Fast'),
('24:a4:3c:17:03:f0', 'Go Wi-Fi Free & Fast'),
('24:a4:3c:16:95:80', 'Go Wi-Fi Free & Fast'),

('24:a4:3c:16:aa:b0', 'Go Wi-Fi Free & Fast'),
('24:a4:3c:16:aa:a0', 'Go Wi-Fi Free & Fast'),

('24:a4:3c:17:0f:50', 'Go Wi-Fi Free & Fast'),
('24:a4:3c:17:0d:b0', 'Go Wi-Fi Free & Fast'),
('24:a4:3c:17:0f:40', 'Go Wi-Fi Free & Fast'),
('24:a4:3c:17:0d:a0', 'Go Wi-Fi Free & Fast'),

('24:a4:3c:16:6d:b0', 'Go Wi-Fi Free & Fast'),
('24:a4:3c:16:6d:a0', 'Go Wi-Fi Free & Fast'),
('24:a4:3c:16:64:50', 'Go Wi-Fi Free & Fast'),
('24:a4:3c:16:64:40', 'Go Wi-Fi Free & Fast'),

('24:a4:3c:17:08:70', 'Go Wi-Fi Free & Fast'),
('24:a4:3c:16:94:40', 'Go Wi-Fi Free & Fast'),
('24:a4:3c:16:94:50', 'Go Wi-Fi Free & Fast'),

('24:a4:3c:04:1b:0a', 'Go Wi-Fi Free & Fast'),
('24:a4:3c:04:1b:61', 'Go Wi-Fi Free & Fast'),
('2a:a4:3c:03:1b:0a', 'Go Wi-Fi Free & Fast'),
('2a:a4:3c:03:1b:61', 'Go Wi-Fi Free & Fast');

INSERT INTO station_has_wifiap VALUES

('pt-ml-od', '24:a4:3c:04:1b:1e', 'pt-ml-amarela'),
('pt-ml-od', '24:a4:3c:17:01:20', 'pt-ml-amarela'),
('pt-ml-od', '2a:a4:3c:03:1b:1e', 'pt-ml-amarela'),
('pt-ml-od', '24:a4:3c:17:01:30', 'pt-ml-amarela'),
('pt-ml-od', '00:26:5b:52:de:f8', 'pt-ml-amarela'),
('pt-ml-od', '84:94:8c:a3:2f:c8', 'pt-ml-amarela'),
('pt-ml-od', '84:94:8c:a2:85:f8', 'pt-ml-amarela'),
('pt-ml-od', '9c:97:26:24:b5:db', 'pt-ml-amarela'),
('pt-ml-od', '00:26:5b:16:d5:a8', 'pt-ml-amarela'),
('pt-ml-od', '9c:97:26:43:12:a7', 'pt-ml-amarela'),
('pt-ml-sr', '24:a4:3c:16:b2:d0', 'pt-ml-amarela'),
('pt-ml-sr', '24:a4:3c:16:f6:00', 'pt-ml-amarela'),
('pt-ml-sr', '24:a4:3c:16:b2:c0', 'pt-ml-amarela'),
('pt-ml-sr', '24:a4:3c:16:f6:10', 'pt-ml-amarela'),
('pt-ml-ax', '24:a4:3c:16:e3:30', 'pt-ml-amarela'),
('pt-ml-ax', '24:a4:3c:16:d9:90', 'pt-ml-amarela'),
('pt-ml-ax', '24:a4:3c:16:d9:80', 'pt-ml-amarela'),
('pt-ml-ax', '24:a4:3c:16:e3:20', 'pt-ml-amarela'),
('pt-ml-lu', '24:a4:3c:17:04:d0', 'pt-ml-amarela'),
('pt-ml-lu', '24:a4:3c:17:04:c0', 'pt-ml-amarela'),
('pt-ml-qc', '24:a4:3c:16:9b:d0', 'pt-ml-amarela'),
('pt-ml-qc', '24:a4:3c:16:a8:60', 'pt-ml-amarela'),
('pt-ml-qc', '24:a4:3c:16:9b:c0', 'pt-ml-amarela'),
('pt-ml-qc', '24:a4:3c:16:a8:70', 'pt-ml-amarela'),
-- ('pt-ml-cg', '2a:a4:3c:03:1e:eb', 'pt-ml-amarela'), -- TODO fix line affinity (shared verde, amarela)
-- ('pt-ml-cg', '24:a4:3c:04:1e:eb', 'pt-ml-amarela'),
-- ('pt-ml-cg', '24:a4:3c:17:10:c0', 'pt-ml-amarela'),
-- ('pt-ml-cg', '24:a4:3c:17:0d:60', 'pt-ml-amarela'),
('pt-ml-cu', '24:a4:3c:16:94:90', 'pt-ml-amarela'),
('pt-ml-cu', '24:a4:3c:16:94:80', 'pt-ml-amarela'),
('pt-ml-cu', '24:a4:3c:16:b7:90', 'pt-ml-amarela'),
('pt-ml-ec', '24:a4:3c:16:95:90', 'pt-ml-amarela'),
('pt-ml-ec', '24:a4:3c:17:03:e0', 'pt-ml-amarela'),
('pt-ml-ec', '24:a4:3c:17:03:f0', 'pt-ml-amarela'),
('pt-ml-ec', '24:a4:3c:16:95:80', 'pt-ml-amarela'),
('pt-ml-cp', '24:a4:3c:16:aa:b0', 'pt-ml-amarela'),
('pt-ml-cp', '24:a4:3c:16:aa:a0', 'pt-ml-amarela'),
('pt-ml-sa', '24:a4:3c:17:0f:50', 'pt-ml-amarela'),
('pt-ml-sa', '24:a4:3c:17:0d:b0', 'pt-ml-amarela'),
('pt-ml-sa', '24:a4:3c:17:0f:40', 'pt-ml-amarela'),
('pt-ml-sa', '24:a4:3c:17:0d:a0', 'pt-ml-amarela'),
('pt-ml-pi', '24:a4:3c:16:6d:b0', 'pt-ml-amarela'),
('pt-ml-pi', '24:a4:3c:16:6d:a0', 'pt-ml-amarela'),
('pt-ml-pi', '24:a4:3c:16:64:50', 'pt-ml-amarela'),
('pt-ml-pi', '24:a4:3c:16:64:40', 'pt-ml-amarela'),
('pt-ml-mp', '24:a4:3c:17:08:70', 'pt-ml-amarela'),
('pt-ml-mp', '24:a4:3c:16:94:40', 'pt-ml-amarela'),
('pt-ml-mp', '24:a4:3c:16:94:50', 'pt-ml-amarela'),
('pt-ml-ra', '24:a4:3c:04:1b:0a', 'pt-ml-amarela'),
('pt-ml-ra', '24:a4:3c:04:1b:61', 'pt-ml-amarela'),
('pt-ml-ra', '2a:a4:3c:03:1b:0a', 'pt-ml-amarela'),
('pt-ml-ra', '2a:a4:3c:03:1b:61', 'pt-ml-amarela');

INSERT INTO station_feature VALUES
('pt-ml-ap', true, false, false, false, true),
('pt-ml-am', true, false, false, false, false),
('pt-ml-af', true, false, false, false, false),
('pt-ml-ah', false, false, false, false, false),
('pt-ml-al', true, false, false, false, false),
('pt-ml-as', true, true, false, false, false),
('pt-ml-ax', true, false, false, false, false),
('pt-ml-an', false, false, false, false, false),
('pt-ml-ae', false, false, false, true, false),
('pt-ml-ar', false, false, false, false, false),
('pt-ml-av', false, false, false, false, false),
('pt-ml-bc', true, false, false, false, false),
('pt-ml-bv', false, false, false, false, false),
('pt-ml-cr', true, false, false, false, false),
('pt-ml-cs', true, false, true, true, false),
('pt-ml-cg', false, true, false, false, false),
('pt-ml-cp', false, false, false, false, false),
('pt-ml-ca', true, false, false, false, false),
('pt-ml-ch', true, false, false, false, false),
('pt-ml-cu', false, false, false, false, false),
('pt-ml-cm', false, true, false, false, false),
('pt-ml-en', true, false, false, false, false),
('pt-ml-ec', false, false, false, true, false),
('pt-ml-in', false, false, false, false, false),
('pt-ml-jz', false, true, false, true, false),
('pt-ml-la', false, false, false, false, false),
('pt-ml-lu', true, false, false, false, false),
('pt-ml-mp', true, true, false, false, false),
('pt-ml-mm', false, false, false, false, false),
('pt-ml-mo', true, false, false, false, false),
('pt-ml-od', true, true, false, false, false),
('pt-ml-ol', true, false, false, false, false),
('pt-ml-os', false, false, false, false, false),
('pt-ml-or', true, true, false, true, false),
('pt-ml-pa', false, false, false, false, false),
('pt-ml-pi', false, false, false, false, false),
('pt-ml-po', true, true, false, false, false),
('pt-ml-pe', false, true, false, false, false),
('pt-ml-qc', true, false, false, false, false),
('pt-ml-ra', true, false, false, false, false),
('pt-ml-rb', true, true, false, true, false),
('pt-ml-re', true, false, false, true, false),
('pt-ml-rm', true, false, false, true, false),
('pt-ml-ro', true, false, false, false, false),
('pt-ml-sa', true, false, false, false, false),
('pt-ml-sp', true, false, false, true, false),
('pt-ml-ss', true, false, false, false, false),
('pt-ml-sr', true, true, false, false, false),
('pt-ml-te', true, false, false, false, false),
('pt-ml-tp', true, false, true, false, false);

INSERT INTO station_lobby VALUES
('pt-ml-ap-central',  'pt-ml-ap', 'central'),
('pt-ml-am-norte',    'pt-ml-am', 'norte'),
('pt-ml-am-central',  'pt-ml-am', 'central'),
('pt-ml-af-central',  'pt-ml-af', 'central'),
('pt-ml-ah-central',  'pt-ml-ah', 'central'),
('pt-ml-al-norte',    'pt-ml-al', 'norte'),
('pt-ml-al-sul',      'pt-ml-al', 'sul'),
('pt-ml-as-central',  'pt-ml-as', 'central'),
('pt-ml-ax-central',  'pt-ml-ax', 'central'),
('pt-ml-an-norte',    'pt-ml-an', 'norte'),
('pt-ml-an-sul',      'pt-ml-an', 'sul'),
('pt-ml-ae-norte',    'pt-ml-ae', 'norte'),
('pt-ml-ae-sul',      'pt-ml-ae', 'sul'),
('pt-ml-ar-norte',    'pt-ml-ar', 'norte'),
('pt-ml-ar-sul',      'pt-ml-ar', 'sul'),
('pt-ml-av-norte',    'pt-ml-av', 'norte'),
('pt-ml-av-sul',      'pt-ml-av', 'sul'),
('pt-ml-bc-central',  'pt-ml-bc', 'central'),
('pt-ml-bv-central',  'pt-ml-bv', 'central'),
('pt-ml-cr-central',  'pt-ml-cr', 'central'),
('pt-ml-cs-central',  'pt-ml-cs', 'central'),
('pt-ml-cg-central',  'pt-ml-cg', 'central'),
('pt-ml-cp-norte',    'pt-ml-cp', 'norte'),
('pt-ml-cp-sul',      'pt-ml-cp', 'sul'),
('pt-ml-ca-central',  'pt-ml-ca', 'central'),
('pt-ml-ch-central',  'pt-ml-ch', 'central'),
('pt-ml-cu-central',  'pt-ml-cu', 'central'),
('pt-ml-cm-central',  'pt-ml-cm', 'central'),
('pt-ml-en-central',  'pt-ml-en', 'central'),
('pt-ml-ec-norte',    'pt-ml-ec', 'norte'),
('pt-ml-ec-sul',      'pt-ml-ec', 'sul'),
('pt-ml-in-norte',    'pt-ml-in', 'norte'),
('pt-ml-in-sul',      'pt-ml-in', 'sul'),
('pt-ml-jz-norte',    'pt-ml-jz', 'norte'),
('pt-ml-jz-sul',      'pt-ml-jz', 'sul'),
('pt-ml-la-central',  'pt-ml-la', 'central'),
('pt-ml-lu-norte',    'pt-ml-lu', 'norte'),
('pt-ml-lu-sul',      'pt-ml-lu', 'sul'),
('pt-ml-mp-norte',    'pt-ml-mp', 'norte'),
('pt-ml-mp-sul',      'pt-ml-mp', 'sul'),
('pt-ml-mm-sul',      'pt-ml-mm', 'sul'),
('pt-ml-mo-central',  'pt-ml-mo', 'central'),
('pt-ml-od-norte',    'pt-ml-od', 'norte'),
('pt-ml-od-sul',      'pt-ml-od', 'sul'),
('pt-ml-ol-central',  'pt-ml-ol', 'central'),
('pt-ml-os-central',  'pt-ml-os', 'central'),
('pt-ml-or-central',  'pt-ml-or', 'central'),
('pt-ml-pa-central',  'pt-ml-pa', 'central'),
('pt-ml-pi-norte',    'pt-ml-pi', 'norte'),
('pt-ml-pi-sul',      'pt-ml-pi', 'sul'),
('pt-ml-po-central',  'pt-ml-po', 'central'),
('pt-ml-pe-norte',    'pt-ml-pe', 'norte'),
('pt-ml-pe-sul',      'pt-ml-pe', 'sul'),
('pt-ml-qc-norte',    'pt-ml-qc', 'norte'),
('pt-ml-qc-sul',      'pt-ml-qc', 'sul'),
('pt-ml-ra-central',  'pt-ml-ra', 'central'),
('pt-ml-rb-central',  'pt-ml-rb', 'central'),
('pt-ml-re-norte',    'pt-ml-re', 'norte'),
('pt-ml-re-sul',      'pt-ml-re', 'sul'),
('pt-ml-rm-norte',    'pt-ml-rm', 'norte'),
('pt-ml-rm-sul',      'pt-ml-rm', 'sul'),
('pt-ml-ro-poente',   'pt-ml-ro', 'poente'),
('pt-ml-ro-nascente', 'pt-ml-ro', 'nascente'),
('pt-ml-sa-norte',    'pt-ml-sa', 'norte'),
('pt-ml-sa-sul',      'pt-ml-sa', 'sul'),
('pt-ml-sa-este',     'pt-ml-sa', 'este'),
('pt-ml-sp-central',  'pt-ml-sp', 'central'),
('pt-ml-ss-norte',    'pt-ml-ss', 'norte'),
('pt-ml-ss-sul',      'pt-ml-ss', 'sul'),
('pt-ml-ss-este',     'pt-ml-ss', 'este'),
('pt-ml-sr-norte',    'pt-ml-sr', 'norte'),
('pt-ml-sr-sul',      'pt-ml-sr', 'sul'),
('pt-ml-te-central',  'pt-ml-te', 'central'),
('pt-ml-tp-central',  'pt-ml-tp', 'central');

INSERT INTO station_lobby_exit (lobby_id, world_coord, streets) VALUES 
('pt-ml-ap-central', '(38.769054, -9.128443)', '{"Aeroporto de Lisboa (Terminal 1 - chegadas)"}'),
('pt-ml-ap-central', '(38.768615, -9.128537)', '{"Aeroporto de Lisboa (Terminal 1 - chegadas)"}'),
('pt-ml-ap-central', '(38.768450, -9.128480)', '{"Aeroporto de Lisboa (Terminal 1 - chegadas)", "Aeroporto de Lisboa (Terminal 1 - partidas)"}'),
('pt-ml-ap-central', '(38.768691, -9.128029)', '{"Praça do Aeroporto de Lisboa"}'),
('pt-ml-am-norte',   '(38.737768, -9.133887)', '{"Avenida Almirante Reis (norte)"}'),
('pt-ml-am-norte',   '(38.737738, -9.133687)', '{"Avenida Almirante Reis (norte)"}'),
('pt-ml-am-norte',   '(38.737576, -9.134033)', '{"Alameda Dom Afonso Henriques", "Avenida Guerra Junqueiro"}'),
('pt-ml-am-norte',   '(38.737614, -9.133529)', '{"Alameda Dom Afonso Henriques"}'),
('pt-ml-am-norte',   '(38.737233, -9.134022)', '{"Avenida Almirante Reis (sul)", "Alameda Dom Afonso Henriques"}'),
('pt-ml-am-norte',   '(38.737299, -9.133576)', '{"Alameda Dom Afonso Henriques"}'),
('pt-ml-am-norte',   '(38.737200, -9.133622)', '{"Avenida Almirante Reis (sul)", "Alameda Dom Afonso Henriques"}'),
('pt-ml-am-central', '(38.736646, -9.132759)', '{"Alameda Dom Afonso Henriques", "Rua Carlos Mardel"}'),
('pt-ml-am-central', '(38.736699, -9.131903)', '{"Alameda Dom Afonso Henriques"}'),
('pt-ml-af-central', '(38.760763, -9.204419)', '{"Praça Teófilo Braga"}'),
('pt-ml-af-central', '(38.760645, -9.204670)', '{"Praça Teófilo Braga"}'),
('pt-ml-af-central', '(38.760625, -9.204468)', '{"Praça Teófilo Braga"}'),
('pt-ml-af-central', '(38.759944, -9.204181)', '{"Praça Teófilo Braga"}'),
('pt-ml-af-central', '(38.759887, -9.204639)', '{"Praça Teófilo Braga", "Rua Adriano Correia de Oliveira"}'),
('pt-ml-ah-central', '(38.749599, -9.180277)', '{"Rua João de Freitas Branco", "Rua Ernâni Lopes"}'),
('pt-ml-ah-central', '(38.749568, -9.179910)', '{"Rua João de Freitas Branco", "Rua Ernâni Lopes"}'),
('pt-ml-al-norte',   '(38.753644, -9.144763)', '{"Centro Comercial Alvalade"}'),
('pt-ml-al-norte',   '(38.753840, -9.144545)', '{"Avenida de Roma (norte)"}'),
('pt-ml-al-norte',   '(38.753923, -9.144269)', '{"Avenida de Roma (norte)"}'),
('pt-ml-al-norte',   '(38.753834, -9.144207)', '{"Avenida de Roma (norte)"}'),
('pt-ml-al-norte',   '(38.753462, -9.143872)', '{"Praça de Alvalade", "Avenida da Igreja"}'),
('pt-ml-al-sul',     '(38.752442, -9.143452)', '{"Avenida de Roma (sul)"}'),
('pt-ml-al-sul',     '(38.752345, -9.143750)', '{"Avenida de Roma (sul)"}'),
('pt-ml-as-central', '(38.758763, -9.218314)', '{"Praça de São Silvestre"}'),
('pt-ml-as-central', '(38.758412, -9.219100)', '{"Praça de São Silvestre"}'),
('pt-ml-as-central', '(38.758315, -9.218210)', '{"Praça de São Silvestre", "Estrada dos Salgados"}'),
('pt-ml-as-central', '(38.758241, -9.217920)', '{"Praça de São Silvestre", "Estrada dos Salgados"}'),
('pt-ml-ax-central', '(38.779849, -9.159976)', '{"Azinhaga da Cidade"}'),
('pt-ml-ax-central', '(38.779836, -9.159599)', '{"Azinhaga da Cidade"}'),
('pt-ml-ax-central', '(38.779659, -9.159745)', '{"Azinhaga da Cidade"}'),
('pt-ml-ax-central', '(38.779450, -9.159486)', '{"Rua Jorge de Sena", "Azinhaga da Cidade"}'),
('pt-ml-an-norte',   '(38.727832, -9.134881)', '{"Avenida Almirante Reis (norte)", "Rua Frei Francisco Foreiro"}'),
('pt-ml-an-norte',   '(38.727842, -9.134691)', '{"Avenida Almirante Reis (norte)", "Rua Frei Francisco Foreiro"}'),
('pt-ml-an-sul',     '(38.726146, -9.135037)', '{"Avenida Almirante Reis (sul)", "Rua Febo Moniz"}'),
('pt-ml-an-sul',     '(38.726126, -9.134835)', '{"Avenida Almirante Reis (sul)", "Rua de Angola"}'),
('pt-ml-ae-norte',   '(38.742592, -9.133788)', '{"Praça Francisco Sá Carneiro", "Avenida João XXI"}'),
('pt-ml-ae-norte',   '(38.742927, -9.133679)', '{"Avenida Padre Manuel da Nóbrega"}'),
('pt-ml-ae-norte',   '(38.742981, -9.133496)', '{"Avenida Padre Manuel da Nóbrega"}'),
-- Future lift
--('pt-ml-ae-norte',   '(38.742776, -9.133348)', '{"Praça Francisco Sá Carneiro"}'),
('pt-ml-ae-sul',     '(38.741908, -9.132996)', '{"Praça Francisco Sá Carneiro", "Avenida Almirante Reis", "Avenida João XXI"}'),
('pt-ml-ae-sul',     '(38.741934, -9.133737)', '{"Praça Francisco Sá Carneiro", "Avenida Almirante Reis", "Avenida Afonso Costa"}'),
('pt-ml-ar-norte',   '(38.733430, -9.134430)', '{"Praça do Chile", "Avenida Almirante Reis (norte)", "Rua António Pereira Carrilho"}'),
('pt-ml-ar-norte',   '(38.733415, -9.133995)', '{"Praça do Chile", "Avenida Almirante Reis (norte)", "Rua Morais Soares"}'),
('pt-ml-ar-sul',     '(38.731940, -9.134468)', '{"Avenida Almirante Reis (sul)"}'),
('pt-ml-ar-sul',     '(38.731922, -9.134278)', '{"Avenida Almirante Reis (sul)"}'),
('pt-ml-av-norte',   '(38.720119, -9.145765)', '{"Avenida da Liberdade (norte)"}'),
('pt-ml-av-norte',   '(38.720119, -9.145765)', '{"Avenida da Liberdade (norte)"}'),
('pt-ml-av-sul',     '(38.719037, -9.144289)', '{"Avenida da Liberdade (sul)"}'),
('pt-ml-av-sul',     '(38.718735, -9.144649)', '{"Avenida da Liberdade (sul)"}'),
('pt-ml-bc-central', '(38.710527, -9.142072)', '{"Largo do Chiado", "Rua Nova da Trindade", "Rua Paiva de Andrada", "Rua António Maria Cardoso", "Rua Garrett"}'),
('pt-ml-bc-central', '(38.710650, -9.139095)', '{"Rua do Crucifixo", "Rua da Vitória"}'),
('pt-ml-bv-central', '(38.747822, -9.118552)', '{"Avenida Francisco Salgado Zenha", "Avenida da Ucrânia"}'),
('pt-ml-bv-central', '(38.747806, -9.118310)', '{"Avenida Francisco Salgado Zenha", "Avenida da Ucrânia"}'),
('pt-ml-bv-central', '(38.747597, -9.117282)', '{"Avenida do Santo Contestável"}'),
('pt-ml-bv-central', '(38.747753, -9.116742)', '{"Avenida do Santo Contestável"}'),
('pt-ml-bv-central', '(38.747434, -9.116671)', '{"Avenida do Santo Contestável"}'),
('pt-ml-cr-central', '(38.763242, -9.104066)', '{"Avenida da Pádua", "Avenida Infante Dom Henrique"}'),
('pt-ml-cr-central', '(38.763056, -9.104168)', '{"Avenida da Pádua", "Avenida Infante Dom Henrique"}'),
('pt-ml-cr-central', '(38.762863, -9.106499)', '{"Avenida da Pádua"}'),
('pt-ml-cs-central', '(38.706093, -9.145043)', '{"Avenida 24 de Julho"}'),
('pt-ml-cs-central', '(38.706007, -9.145042)', '{"Avenida 24 de Julho"}'),
('pt-ml-cs-central', '(38.705844, -9.144772)', '{"Estação Ferroviária do Cais do Sodré", "Terminal Fluvial do Cais do Sodré"}'),
('pt-ml-cs-central', '(38.706078, -9.145870)', '{"Estação Ferroviária do Cais do Sodré"}'),
('pt-ml-cg-central', '(38.760690, -9.158477)', '{"Estrada de Telheiras", "Terminal Rodoviário"}'),
('pt-ml-cg-central', '(38.760523, -9.158335)', '{"Estrada de Telheiras", "Terminal Rodoviário"}'),
('pt-ml-cg-central', '(38.760376, -9.157983)', '{"Estrada de Telheiras", "Terminal Rodoviário"}'),
('pt-ml-cg-central', '(38.760492, -9.157749)', '{"Estrada de Telheiras", "Terminal Rodoviário"}'),
('pt-ml-cg-central', '(38.760703, -9.156973)', '{"Rua Cipriano Dourado", "Terminal Rodoviário"}'),
('pt-ml-cg-central', '(38.759976, -9.157733)', '{"Faculdade de Ciências", "Universidade Lusófona"}'),
('pt-ml-cp-norte',   '(38.741504, -9.147024)', '{"Avenida da República", "Avenida de Berna"}'),
('pt-ml-cp-norte',   '(38.741593, -9.146409)', '{"Avenida da República", "Avenida de Berna"}'),
('pt-ml-cp-norte',   '(38.742244, -9.146084)', '{"Centro Comercial do Campo Pequeno"}'),
('pt-ml-cp-sul',     '(38.739984, -9.146661)', '{"Avenida da República"}'),
('pt-ml-cp-sul',     '(38.740090, -9.146058)', '{"Avenida da República"}'),
('pt-ml-ca-central', '(38.759501, -9.192646)', '{"Avenida Marechal Teixeira Rebelo"}'),
('pt-ml-ca-central', '(38.759334, -9.192261)', '{"Avenida Marechal Teixeira Rebelo"}'),
('pt-ml-ca-central', '(38.759004, -9.192506)', '{"Avenida Marechal Teixeira Rebelo"}'),
('pt-ml-ca-central', '(38.758767, -9.192684)', '{"Avenida Marechal Teixeira Rebelo", "Rua Guiomar Torresão"}'),
('pt-ml-ch-central', '(38.755700, -9.113920)', '{"Avenida Doutor Augusto de Castro (norte)"}'),
('pt-ml-ch-central', '(38.755260, -9.114117)', '{"Rua Engenheiro Rodrigues de Carvalho", "Avenida Doutor Augusto de Castro (norte)"}'),
('pt-ml-ch-central', '(38.754819, -9.113610)', '{"Avenida Doutor Augusto de Castro (sul)"}'),
('pt-ml-ch-central', '(38.754426, -9.113741)', '{"Avenida Doutor Augusto de Castro (sul)"}'),
('pt-ml-cu-central', '(38.751921, -9.158632)', '{"Alameda da Universidade", "Avenida Professor Gama Pinto"}'),
('pt-ml-cu-central', '(38.751196, -9.159306)', '{"Avenida Professor Gama Pinto"}'),
('pt-ml-cu-central', '(38.750895, -9.159030)', '{"Avenida Professor Gama Pinto"}'),
('pt-ml-cm-central', '(38.753781, -9.189439)', '{"Rua Galileu Galilei"}'),
('pt-ml-cm-central', '(38.753400, -9.189778)', '{"Largo da Revista Militar"}'),
('pt-ml-cm-central', '(38.753476, -9.188751)', '{"Centro Comercial Colombo"}'),
('pt-ml-cm-central', '(38.753325, -9.188616)', '{"Rua Galileu Galilei", "Avenida do Colégio Militar"}'),
('pt-ml-cm-central', '(38.753004, -9.189810)', '{"Largo da Revista Militar", "Terminal Rodoviário"}'),
('pt-ml-cm-central', '(38.752809, -9.189993)', '{"Largo da Revista Militar", "Terminal Rodoviário"}'),
('pt-ml-en-central', '(38.775257, -9.115887)', '{"Rua General Silva Freire (norte)"}'),
('pt-ml-en-central', '(38.774904, -9.115723)', '{"Rua General Silva Freire (sul)"}'),
('pt-ml-en-central', '(38.774840, -9.115160)', '{"Rua General Silva Freire (sul)"}'),
('pt-ml-en-central', '(38.774840, -9.115160)', '{"Rua General Silva Freire (sul)", "Rua Capitão Tenente Oliveira e Carmo"}'),
('pt-ml-ec-norte',   '(38.748871, -9.149099)', '{"Avenida do Campo Grande"}'),
('pt-ml-ec-norte',   '(38.748531, -9.149037)', '{"Avenida do Campo Grande", "Avenida das Forças Armadas"}'),
('pt-ml-ec-norte',   '(38.747828, -9.148587)', '{"Avenida da República", "Avenida das Forças Armadas"}'),
('pt-ml-ec-sul',     '(38.746106, -9.147540)', '{"Avenida da República", "Rua José Carlos dos Santos"}'),
('pt-ml-ec-sul',     '(38.746353, -9.148288)', '{"Avenida da República"}'),
('pt-ml-ec-sul',     '(38.745905, -9.148203)', '{"Avenida da República"}'),
('pt-ml-ec-sul',     '(38.745200, -9.148041)', '{"Avenida da República"}'),
('pt-ml-ec-sul',     '(38.744913, -9.148102)', '{"Estação Ferroviária de Entrecampos"}'),
('pt-ml-in-norte',   '(38.723924, -9.135276)', '{"Avenida Almirante Reis (norte)"}'),
('pt-ml-in-norte',   '(38.723914, -9.135092)', '{"Avenida Almirante Reis (norte)", "Rua Luís Pinto Moitinho"}'),
('pt-ml-in-sul',     '(38.722897, -9.135164)', '{"Avenida Almirante Reis (norte)"}'),
('pt-ml-in-sul',     '(38.723074, -9.135350)', '{"Avenida Almirante Reis (norte)"}'),
('pt-ml-in-sul',     '(38.722440, -9.135410)', '{"Avenida Almirante Reis (sul)"}'),
('pt-ml-in-sul',     '(38.722225, -9.135220)', '{"Avenida Almirante Reis (sul)"}'),
('pt-ml-jz-norte',   '(38.742339, -9.168454)', '{"Praça Marechal Humberto Delgado"}'),
('pt-ml-jz-norte',   '(38.741995, -9.169368)', '{"Praça Marechal Humberto Delgado"}'),
('pt-ml-jz-norte',   '(38.741917, -9.169117)', '{"Praça Marechal Humberto Delgado"}'),
('pt-ml-jz-norte',   '(38.741518, -9.167974)', '{"Avenida das Forças Armadas", "Rua Professor Lima Basto"}'),
('pt-ml-jz-sul',     '(38.740505, -9.166390)', '{"Rua Professor Lima Basto", "Terminal Rodoviário"}'),
('pt-ml-jz-sul',     '(38.740316, -9.167086)', '{"Avenida Columbano Bordalo Pinheiro"}'),
('pt-ml-jz-sul',     '(38.740310, -9.166836)', '{"Estação Ferroviária de Sete Rios"}'),
('pt-ml-la-central', '(38.748400, -9.173016)', '{"Rua Xavier de Araújo"}'),
('pt-ml-la-central', '(38.748203, -9.172840)', '{"Rua Xavier de Araújo"}'),
('pt-ml-la-central', '(38.748487, -9.172329)', '{"Rua Xavier de Araújo", "Estrada da Luz"}'),
('pt-ml-lu-norte',   '(38.774304, -9.159618)', '{"Estrada da Torre"}'),
('pt-ml-lu-norte',   '(38.774139, -9.159875)', '{"Estrada da Torre"}'),
('pt-ml-lu-norte',   '(38.773792, -9.159646)', '{"Largo República da Turquia"}'),
('pt-ml-lu-sul',     '(38.772840, -9.159744)', '{"Rua Cordeiro Ferreira", "Rua República do Uruguai"}'),
('pt-ml-lu-sul',     '(38.772628, -9.160113)', '{"Rua Cordeiro Ferreira", "Rua República do Uruguai"}'),
('pt-ml-mp-norte',   '(38.724891, -9.150742)', '{"Praça Marquês de Pombal", "Rua Joaquim António Augusto de Aguiar", "Rua Braancamp"}'),
('pt-ml-mp-norte',   '(38.724611, -9.149922)', '{"Praça Marquês de Pombal", "Rua Braancamp", "Avenida da Liberdade"}'),
('pt-ml-mp-norte',   '(38.725106, -9.149117)', '{"Praça Marquês de Pombal", "Avenida Duque de Loulé", "Avenida da Liberdade"}'),
('pt-ml-mp-sul',     '(38.723519, -9.148837)', '{"Avenida da Liberdade", "Rua Alexandre Herculano"}'),
('pt-ml-mp-sul',     '(38.723776, -9.148302)', '{"Avenida da Liberdade", "Rua Alexandre Herculano"}'),
('pt-ml-mm-sul',     '(38.716890, -9.136393)', '{"Praça do Martim Moniz"}'),
('pt-ml-mm-sul',     '(38.716799, -9.135711)', '{"Praça do Martim Moniz"}'),
('pt-ml-mm-sul',     '(38.717002, -9.135664)', '{"Rua da Palma"}'),
('pt-ml-mo-central', '(38.775071, -9.103100)', '{"Rua 1º de Maio (poente)", "Rua Almirante Gago Coutinho"}'),
('pt-ml-mo-central', '(38.775093, -9.102813)', '{"Rua 1º de Maio (nascente)"}'),
('pt-ml-mo-central', '(38.775093, -9.102813)', '{"Rua João Pinto Ribeiro"}'),
('pt-ml-mo-central', '(38.774642, -9.103068)', '{"Rua João Pinto Ribeiro (poente)"}'),
('pt-ml-mo-central', '(38.774659, -9.102779)', '{"Rua João Pinto Ribeiro (nascente)"}'),
('pt-ml-od-norte',   '(38.793534, -9.173021)', '{"Rua Doutor Egas Moniz"}'),
('pt-ml-od-norte',   '(38.793266, -9.173144)', '{"Rua Doutor Egas Moniz", "Rua José Monteiro"}'),
('pt-ml-od-sul',     '(38.793014, -9.172508)', '{"Rua Camilo Castelo Branco", "Rua Almeida Garett"}'),
('pt-ml-ol-central', '(38.740087, -9.124077)', '{"Avenida Engenheiro Arantes e Oliveira", "Avenida Carlos Pinhão"}'),
('pt-ml-ol-central', '(38.739573, -9.123596)', '{"Avenida Engenheiro Arantes e Oliveira", "Rua de Olivença"}'),
('pt-ml-ol-central', '(38.739156, -9.123613)', '{"Avenida Engenheiro Arantes e Oliveira", "Rua de Olivença", "Rua Aquiles Machado"}'),
('pt-ml-os-central', '(38.761323, -9.112035)', '{"Rua Cidade de Bissau (norte)", "Avenida Cidade de Luanda"}'),
('pt-ml-os-central', '(38.761074, -9.111310)', '{"Avenida Cidade de Luanda"}'),
('pt-ml-os-central', '(38.760771, -9.112204)', '{"Rua Cidade de Bissau (norte)", "Avenida Cidade de Luanda"}'),
('pt-ml-os-central', '(38.760251, -9.111926)', '{"Rua Cidade de Bissau (sul)"}'),
('pt-ml-or-central', '(38.767888, -9.099956)', '{"Terminal Rodoviário do Oriente", "Avenida de Berlim", "Via Recíproca"}'),
('pt-ml-or-central', '(38.767880, -9.099781)', '{"Terminal Rodoviário do Oriente", "Avenida de Berlim", "Via Recíproca"}'),
('pt-ml-or-central', '(38.767867, -9.099446)', '{"Estação ferroviária do Oriente", "Centro Comervial Vasco da Gama", "Avenida Dom João II"}'),
('pt-ml-or-central', '(38.767851, -9.099255)', '{"Estação ferroviária do Oriente", "Centro Comervial Vasco da Gama", "Avenida Dom João II"}'),
('pt-ml-pa-central', '(38.729725, -9.150285)', '{"Avenida António Augusto de Aguiar", "Rua Eugénio dos Santos"}'),
('pt-ml-pi-norte',   '(38.730843, -9.146976)', '{"Avenida Fontes Pereira de Melo", "Rua Tomás Ribeiro"}'),
('pt-ml-pi-norte',   '(38.730635, -9.146454)', '{"Avenida Fontes Pereira de Melo", "Rua Tomás Ribeiro"}'),
('pt-ml-pi-norte',   '(38.730984, -9.146128)', '{"Avenida Fontes Pereira de Melo"}'),
('pt-ml-pi-sul',     '(38.729905, -9.146931)', '{"Avenida Fontes Pereira de Melo", "Rua Andrade Corvo"}'),
('pt-ml-pi-sul',     '(38.730084, -9.147410)', '{"Avenida Fontes Pereira de Melo", "Rua Andrade Corvo"}'),
('pt-ml-po-central', '(38.762361, -9.196915)', '{"Estrada Militar", "Terminal Rodoviário"}'),
('pt-ml-po-central', '(38.762026, -9.196751)', '{"Estrada Militar", "Terminal Rodoviário"}'),
('pt-ml-pe-norte',   '(38.738020, -9.160218)', '{"Avenida Columbano Bordalo Pinheiro"}'),
('pt-ml-pe-norte',   '(38.737781, -9.159997)', '{"Avenida Columbano Bordalo Pinheiro"}'),
('pt-ml-pe-sul',     '(38.737454, -9.158491)', '{"Praça de Espanha"}'),
('pt-ml-pe-sul',     '(38.737454, -9.158491)', '{"Praça de Espanha"}'),
('pt-ml-qc-norte',   '(38.767979, -9.155602)', '{"Rua Tobis Portuguesa", "Rua Luís Pastor de Macedo"}'),
('pt-ml-qc-norte',   '(38.767294, -9.155632)', '{"Rua Luís Pastor de Macedo"}'),
('pt-ml-qc-norte',   '(38.767241, -9.155828)', '{"Rua Luís Pastor de Macedo"}'),
('pt-ml-qc-sul',     '(38.767079, -9.155386)', '{"Rua Tobis Portuguesa", "Rua Luís Pastor de Macedo", "Avenida Maria Helena Vieira da Silva"}'),
('pt-ml-ra-central', '(38.720334, -9.154681)', '{"Largo do Rato"}'),
('pt-ml-ra-central', '(38.720150, -9.155698)', '{"Largo do Rato", "Rua das Amoreiras", "Avenida Álvares Cabral"}'),
('pt-ml-ra-central', '(38.720097, -9.154030)', '{"Largo do Rato", "Rua do Salitre", "Rua Alexandre Herculano"}'),
('pt-ml-rb-central', '(38.752423, -9.224662)', '{"Rua das Indústrias", "Rua Vítor Alves"}'),
('pt-ml-rb-central', '(38.752273, -9.224763)', '{"Rua das Indústrias", "Rua Vítor Alves"}'),
('pt-ml-rb-central', '(38.751882, -9.224068)', '{"Rua das Indústrias"}'),
('pt-ml-rb-central', '(38.751639, -9.223722)', '{"Rua das Indústrias"}'),
('pt-ml-rb-central', '(38.751322, -9.223614)', '{"Rua das Indústrias", "Estação Ferroviária da Reboleira"}'),
('pt-ml-re-norte',   '(38.716382, -9.142570)', '{"Avenida da Liberdade (sul)", "Praça dos Restauradores"}'),
('pt-ml-re-sul',     '(38.715282, -9.142515)', '{"Estação Ferroviária do Rossio"}'),
('pt-ml-re-sul',     '(38.715340, -9.141864)', '{"Praça dos Restauradores"}'),
('pt-ml-re-sul',     '(38.715353, -9.141010)', '{"Praça dos Restauradores"}'),
('pt-ml-re-sul',     '(38.715104, -9.141492)', '{"Praça dos Restauradores", "Rua 1º de Dezembro"}'),
('pt-ml-rm-norte',   '(38.748942, -9.141465)', '{"Avenida de Roma (norte)", "Avenida dos Estados Unidos da América"}'),
('pt-ml-rm-norte',   '(38.748839, -9.141872)', '{"Avenida de Roma (norte)", "Avenida dos Estados Unidos da América"}'),
('pt-ml-rm-norte',   '(38.748425, -9.141298)', '{"Avenida de Roma (sul)"}'),
('pt-ml-rm-norte',   '(38.748354, -9.141567)', '{"Avenida de Roma (sul)"}'),
('pt-ml-rm-sul',     '(38.747198, -9.140628)', '{"Avenida de Roma (sul)", "Rua Frei Amador Arrais", "Rua Conde Sabugosa"}'),
('pt-ml-rm-sul',     '(38.747106, -9.140926)', '{"Avenida de Roma (sul)", "Rua Frei Amador Arrais", "Rua Conde Sabugosa"}'),
('pt-ml-ro-poente',  '(38.714011, -9.138971)', '{"Praça Dom Pedro IV (Rossio)"}'),
('pt-ml-ro-poente',  '(38.713802, -9.138895)', '{"Praça Dom Pedro IV (Rossio)"}'),
('pt-ml-ro-poente',  '(38.714022, -9.138402)', '{"Praça da Figueira"}'),
('pt-ml-ro-poente',  '(38.713841, -9.138410)', '{"Praça da Figueira"}'),
('pt-ml-ro-nascente','(38.714185, -9.137568)', '{"Praça da Figueira"}'),
('pt-ml-sa-norte',   '(38.734806, -9.145392)', '{"Avenida da República"}'),
('pt-ml-sa-norte',   '(38.735364, -9.145528)', '{"Avenida da República"}'),
('pt-ml-sa-norte',   '(38.735488, -9.144961)', '{"Avenida da República"}'),
('pt-ml-sa-norte',   '(38.734844, -9.144796)', '{"Avenida da República"}'),
('pt-ml-sa-sul',     '(38.733826, -9.145574)', '{"Praça Duque de Saldanha", "Avenida Praia da Vitória"}'),
('pt-ml-sa-sul',     '(38.734031, -9.144167)', '{"Praça Duque de Saldanha", "Avenida Praia da Vitória"}'),
('pt-ml-sa-este',    '(38.735360, -9.142695)', '{"Avenida Duque de Ávila"}'),
('pt-ml-sp-central', '(38.713905, -9.122531)', '{"Avenida Infante Dom Henrique", "Estação Ferroviária de Santa Apolónia"}'),
('pt-ml-sp-central', '(38.713579, -9.122276)', '{"Avenida Infante Dom Henrique"}'),
('pt-ml-ss-norte',   '(38.734800, -9.154180)', '{"Avenida António Augusto de Aguiar"}'),
('pt-ml-ss-norte',   '(38.734800, -9.154180)', '{"Avenida Ressano Garcia"}'),
('pt-ml-ss-norte',   '(38.734574, -9.154553)', '{"Avenida António Augusto de Aguiar"}'),
('pt-ml-ss-norte',   '(38.733851, -9.153930)', '{"El Corte Inglês"}'),
('pt-ml-ss-este',    '(38.735094, -9.150894)', '{"Avenida Duque de Ávila"}'),
('pt-ml-ss-este',    '(38.735062, -9.151854)', '{"Avenida Duque de Ávila", "Rua Marquês Sá da Bandeira"}'),
('pt-ml-ss-sul',     '(38.733419, -9.152612)', '{"Rua Carlos Testa"}'),
('pt-ml-sr-norte',   '(38.785905, -9.171955)', '{"Rua do Senhor Roubado", "Terminal Rodoviário"}'),
('pt-ml-sr-sul',     '(38.785351, -9.171731)', '{"Terminal Rodoviário"}'),
('pt-ml-te-central', '(38.760304, -9.166037)', '{"Jardim Professor António de Sousa Franco", "Praça Professor Rodrigues Lapa"}'),
('pt-ml-te-central', '(38.760177, -9.166350)', '{"Jardim Professor António de Sousa Franco"}'),
('pt-ml-te-central', '(38.759856, -9.166896)', '{"Estrada de Telheiras"}'),
('pt-ml-tp-central', '(38.707545, -9.135435)', '{"Praça do Comércio"}'),
('pt-ml-tp-central', '(38.706620, -9.134810)', '{"Avenida Infante Dom Henrique"}'),
('pt-ml-tp-central', '(38.707119, -9.134189)', '{"Avenida Infante Dom Henrique"}'),
('pt-ml-tp-central', '(38.707195, -9.133295)', '{"Avenida Infante Dom Henrique"}'),
('pt-ml-tp-central', '(38.706907, -9.133563)', '{"Terminal Fluvial do Terreiro do Paço"}');

INSERT INTO station_lobby_schedule VALUES
('pt-ml-ap-central',  false, 0, true, '06:30:00', '18 hour 30 minute'),
('pt-ml-ap-central',  false, 1, true, '06:30:00', '18 hour 30 minute'),
('pt-ml-ap-central',  false, 2, true, '06:30:00', '18 hour 30 minute'),
('pt-ml-ap-central',  false, 3, true, '06:30:00', '18 hour 30 minute'),
('pt-ml-ap-central',  false, 4, true, '06:30:00', '18 hour 30 minute'),
('pt-ml-ap-central',  false, 5, true, '06:30:00', '18 hour 30 minute'),
('pt-ml-ap-central',  false, 6, true, '06:30:00', '18 hour 30 minute'),
('pt-ml-ap-central',  true,  0, true, '06:30:00', '18 hour 30 minute'),
('pt-ml-am-norte',    false, 0, true, '06:30:00', '18 hour 30 minute'),
('pt-ml-am-norte',    false, 1, true, '06:30:00', '18 hour 30 minute'),
('pt-ml-am-norte',    false, 2, true, '06:30:00', '18 hour 30 minute'),
('pt-ml-am-norte',    false, 3, true, '06:30:00', '18 hour 30 minute'),
('pt-ml-am-norte',    false, 4, true, '06:30:00', '18 hour 30 minute'),
('pt-ml-am-norte',    false, 5, true, '06:30:00', '18 hour 30 minute'),
('pt-ml-am-norte',    false, 6, true, '06:30:00', '18 hour 30 minute'),
('pt-ml-am-norte',    true,  0, true, '06:30:00', '18 hour 30 minute'),
('pt-ml-am-norte',    true,  365, true, '06:30:00', '24 hour'),
('pt-ml-am-central',  false, 0, true, '06:30:00', '18 hour 30 minute'),
('pt-ml-am-central',  false, 1, true, '06:30:00', '18 hour 30 minute'),
('pt-ml-am-central',  false, 2, true, '06:30:00', '18 hour 30 minute'),
('pt-ml-am-central',  false, 3, true, '06:30:00', '18 hour 30 minute'),
('pt-ml-am-central',  false, 4, true, '06:30:00', '18 hour 30 minute'),
('pt-ml-am-central',  false, 5, true, '06:30:00', '18 hour 30 minute'),
('pt-ml-am-central',  false, 6, true, '06:30:00', '18 hour 30 minute'),
('pt-ml-am-central',  true,  0, true, '06:30:00', '18 hour 30 minute'),
('pt-ml-am-central',  true,  365, true, '06:30:00', '24 hour'),
('pt-ml-af-central',  false, 0, true, '06:30:00', '18 hour 30 minute'),
('pt-ml-af-central',  false, 1, true, '06:30:00', '18 hour 30 minute'),
('pt-ml-af-central',  false, 2, true, '06:30:00', '18 hour 30 minute'),
('pt-ml-af-central',  false, 3, true, '06:30:00', '18 hour 30 minute'),
('pt-ml-af-central',  false, 4, true, '06:30:00', '18 hour 30 minute'),
('pt-ml-af-central',  false, 5, true, '06:30:00', '18 hour 30 minute'),
('pt-ml-af-central',  false, 6, true, '06:30:00', '18 hour 30 minute'),
('pt-ml-af-central',  true,  0, true, '06:30:00', '18 hour 30 minute'),
('pt-ml-ah-central',  false, 0, true, '06:30:00', '18 hour 30 minute'),
('pt-ml-ah-central',  false, 1, true, '06:30:00', '18 hour 30 minute'),
('pt-ml-ah-central',  false, 2, true, '06:30:00', '18 hour 30 minute'),
('pt-ml-ah-central',  false, 3, true, '06:30:00', '18 hour 30 minute'),
('pt-ml-ah-central',  false, 4, true, '06:30:00', '18 hour 30 minute'),
('pt-ml-ah-central',  false, 5, true, '06:30:00', '18 hour 30 minute'),
('pt-ml-ah-central',  false, 6, true, '06:30:00', '18 hour 30 minute'),
('pt-ml-ah-central',  true,  0, true, '06:30:00', '18 hour 30 minute'),
('pt-ml-al-norte',    false, 0, true, '06:30:00', '18 hour 30 minute'),
('pt-ml-al-norte',    false, 1, true, '06:30:00', '18 hour 30 minute'),
('pt-ml-al-norte',    false, 2, true, '06:30:00', '18 hour 30 minute'),
('pt-ml-al-norte',    false, 3, true, '06:30:00', '18 hour 30 minute'),
('pt-ml-al-norte',    false, 4, true, '06:30:00', '18 hour 30 minute'),
('pt-ml-al-norte',    false, 5, true, '06:30:00', '18 hour 30 minute'),
('pt-ml-al-norte',    false, 6, true, '06:30:00', '18 hour 30 minute'),
('pt-ml-al-norte',    true,  0, true, '06:30:00', '18 hour 30 minute'),
('pt-ml-al-sul',      false, 0, true, '06:30:00', '18 hour 30 minute'),
('pt-ml-al-sul',      false, 1, true, '06:30:00', '18 hour 30 minute'),
('pt-ml-al-sul',      false, 2, true, '06:30:00', '18 hour 30 minute'),
('pt-ml-al-sul',      false, 3, true, '06:30:00', '18 hour 30 minute'),
('pt-ml-al-sul',      false, 4, true, '06:30:00', '18 hour 30 minute'),
('pt-ml-al-sul',      false, 5, true, '06:30:00', '18 hour 30 minute'),
('pt-ml-al-sul',      false, 6, true, '06:30:00', '18 hour 30 minute'),
('pt-ml-al-sul',      true,  0, true, '06:30:00', '18 hour 30 minute'),
('pt-ml-as-central',  false, 0, true, '06:30:00', '18 hour 30 minute'),
('pt-ml-as-central',  false, 1, true, '06:30:00', '18 hour 30 minute'),
('pt-ml-as-central',  false, 2, true, '06:30:00', '18 hour 30 minute'),
('pt-ml-as-central',  false, 3, true, '06:30:00', '18 hour 30 minute'),
('pt-ml-as-central',  false, 4, true, '06:30:00', '18 hour 30 minute'),
('pt-ml-as-central',  false, 5, true, '06:30:00', '18 hour 30 minute'),
('pt-ml-as-central',  false, 6, true, '06:30:00', '18 hour 30 minute'),
('pt-ml-as-central',  true,  0, true, '06:30:00', '18 hour 30 minute'),
('pt-ml-ax-central',  false, 0, true, '06:30:00', '18 hour 30 minute'),
('pt-ml-ax-central',  false, 1, true, '06:30:00', '18 hour 30 minute'),
('pt-ml-ax-central',  false, 2, true, '06:30:00', '18 hour 30 minute'),
('pt-ml-ax-central',  false, 3, true, '06:30:00', '18 hour 30 minute'),
('pt-ml-ax-central',  false, 4, true, '06:30:00', '18 hour 30 minute'),
('pt-ml-ax-central',  false, 5, true, '06:30:00', '18 hour 30 minute'),
('pt-ml-ax-central',  false, 6, true, '06:30:00', '18 hour 30 minute'),
('pt-ml-ax-central',  true,  0, true, '06:30:00', '18 hour 30 minute'),
('pt-ml-an-norte',    false, 0, true, '06:30:00', '18 hour 30 minute'),
('pt-ml-an-norte',    false, 1, true, '06:30:00', '18 hour 30 minute'),
('pt-ml-an-norte',    false, 2, true, '06:30:00', '18 hour 30 minute'),
('pt-ml-an-norte',    false, 3, true, '06:30:00', '18 hour 30 minute'),
('pt-ml-an-norte',    false, 4, true, '06:30:00', '18 hour 30 minute'),
('pt-ml-an-norte',    false, 5, true, '06:30:00', '18 hour 30 minute'),
('pt-ml-an-norte',    false, 6, true, '06:30:00', '18 hour 30 minute'),
('pt-ml-an-norte',    true,  0, true, '06:30:00', '18 hour 30 minute'),
('pt-ml-an-sul',      false, 0, true, '06:30:00', '18 hour 30 minute'),
('pt-ml-an-sul',      false, 1, true, '06:30:00', '18 hour 30 minute'),
('pt-ml-an-sul',      false, 2, true, '06:30:00', '18 hour 30 minute'),
('pt-ml-an-sul',      false, 3, true, '06:30:00', '18 hour 30 minute'),
('pt-ml-an-sul',      false, 4, true, '06:30:00', '18 hour 30 minute'),
('pt-ml-an-sul',      false, 5, true, '06:30:00', '18 hour 30 minute'),
('pt-ml-an-sul',      false, 6, true, '06:30:00', '18 hour 30 minute'),
('pt-ml-an-sul',      true,  0, true, '06:30:00', '18 hour 30 minute'),
('pt-ml-ae-norte',    false, 0, false, '06:30:00', '18 hour 30 minute'),
('pt-ml-ae-norte',    false, 1, false, '06:30:00', '18 hour 30 minute'),
('pt-ml-ae-norte',    false, 2, false, '06:30:00', '18 hour 30 minute'),
('pt-ml-ae-norte',    false, 3, false, '06:30:00', '18 hour 30 minute'),
('pt-ml-ae-norte',    false, 4, false, '06:30:00', '18 hour 30 minute'),
('pt-ml-ae-norte',    false, 5, false, '06:30:00', '18 hour 30 minute'),
('pt-ml-ae-norte',    false, 6, false, '06:30:00', '18 hour 30 minute'),
('pt-ml-ae-norte',    true,  0, false, '06:30:00', '18 hour 30 minute'),
('pt-ml-ae-norte',    true,  365, false, '06:30:00', '24 hour'),
('pt-ml-ae-sul',      false, 0, true, '06:30:00', '18 hour 30 minute'),
('pt-ml-ae-sul',      false, 1, true, '06:30:00', '18 hour 30 minute'),
('pt-ml-ae-sul',      false, 2, true, '06:30:00', '18 hour 30 minute'),
('pt-ml-ae-sul',      false, 3, true, '06:30:00', '18 hour 30 minute'),
('pt-ml-ae-sul',      false, 4, true, '06:30:00', '18 hour 30 minute'),
('pt-ml-ae-sul',      false, 5, true, '06:30:00', '18 hour 30 minute'),
('pt-ml-ae-sul',      false, 6, true, '06:30:00', '18 hour 30 minute'),
('pt-ml-ae-sul',      true,  0, true, '06:30:00', '18 hour 30 minute'),
('pt-ml-ae-sul',      true,  365, true, '06:30:00', '24 hour'),
('pt-ml-ar-norte',    false, 0, true, '06:30:00', '18 hour 30 minute'),
('pt-ml-ar-norte',    false, 1, true, '06:30:00', '18 hour 30 minute'),
('pt-ml-ar-norte',    false, 2, true, '06:30:00', '18 hour 30 minute'),
('pt-ml-ar-norte',    false, 3, true, '06:30:00', '18 hour 30 minute'),
('pt-ml-ar-norte',    false, 4, true, '06:30:00', '18 hour 30 minute'),
('pt-ml-ar-norte',    false, 5, true, '06:30:00', '18 hour 30 minute'),
('pt-ml-ar-norte',    false, 6, true, '06:30:00', '18 hour 30 minute'),
('pt-ml-ar-norte',    true,  0, true, '06:30:00', '18 hour 30 minute'),
('pt-ml-ar-sul',      false, 0, false, '00:00:00', '0 minute'),
('pt-ml-ar-sul',      false, 1, true, '06:30:00', '15 hour'),
('pt-ml-ar-sul',      false, 2, true, '06:30:00', '15 hour'),
('pt-ml-ar-sul',      false, 3, true, '06:30:00', '15 hour'),
('pt-ml-ar-sul',      false, 4, true, '06:30:00', '15 hour'),
('pt-ml-ar-sul',      false, 5, true, '06:30:00', '15 hour'),
('pt-ml-ar-sul',      false, 6, false, '00:00:00', '0 minute'),
('pt-ml-ar-sul',      true,  0, false, '00:00:00', '0 minute'),
('pt-ml-av-norte',    false, 0, true, '06:30:00', '18 hour 30 minute'),
('pt-ml-av-norte',    false, 1, true, '06:30:00', '18 hour 30 minute'),
('pt-ml-av-norte',    false, 2, true, '06:30:00', '18 hour 30 minute'),
('pt-ml-av-norte',    false, 3, true, '06:30:00', '18 hour 30 minute'),
('pt-ml-av-norte',    false, 4, true, '06:30:00', '18 hour 30 minute'),
('pt-ml-av-norte',    false, 5, true, '06:30:00', '18 hour 30 minute'),
('pt-ml-av-norte',    false, 6, true, '06:30:00', '18 hour 30 minute'),
('pt-ml-av-norte',    true,  0, true, '06:30:00', '18 hour 30 minute'),
('pt-ml-av-sul',      false, 0, false, '00:00:00', '0 minute'),
('pt-ml-av-sul',      false, 1, true, '06:30:00', '15 hour'),
('pt-ml-av-sul',      false, 2, true, '06:30:00', '15 hour'),
('pt-ml-av-sul',      false, 3, true, '06:30:00', '15 hour'),
('pt-ml-av-sul',      false, 4, true, '06:30:00', '15 hour'),
('pt-ml-av-sul',      false, 5, true, '06:30:00', '15 hour'),
('pt-ml-av-sul',      false, 6, false, '00:00:00', '0 minute'),
('pt-ml-av-sul',      true,  0, false, '00:00:00', '0 minute'),
('pt-ml-bc-central',  false, 0, true, '06:30:00', '18 hour 30 minute'),
('pt-ml-bc-central',  false, 1, true, '06:30:00', '18 hour 30 minute'),
('pt-ml-bc-central',  false, 2, true, '06:30:00', '18 hour 30 minute'),
('pt-ml-bc-central',  false, 3, true, '06:30:00', '18 hour 30 minute'),
('pt-ml-bc-central',  false, 4, true, '06:30:00', '18 hour 30 minute'),
('pt-ml-bc-central',  false, 5, true, '06:30:00', '18 hour 30 minute'),
('pt-ml-bc-central',  false, 6, true, '06:30:00', '18 hour 30 minute'),
('pt-ml-bc-central',  true,  0, true, '06:30:00', '18 hour 30 minute'),
('pt-ml-bc-central',  true,  365, true, '06:30:00', '24 hour'),
('pt-ml-bv-central',  false, 0, true, '06:30:00', '18 hour 30 minute'),
('pt-ml-bv-central',  false, 1, true, '06:30:00', '18 hour 30 minute'),
('pt-ml-bv-central',  false, 2, true, '06:30:00', '18 hour 30 minute'),
('pt-ml-bv-central',  false, 3, true, '06:30:00', '18 hour 30 minute'),
('pt-ml-bv-central',  false, 4, true, '06:30:00', '18 hour 30 minute'),
('pt-ml-bv-central',  false, 5, true, '06:30:00', '18 hour 30 minute'),
('pt-ml-bv-central',  false, 6, true, '06:30:00', '18 hour 30 minute'),
('pt-ml-bv-central',  true,  0, true, '06:30:00', '18 hour 30 minute'),
('pt-ml-cr-central',  false, 0, true, '06:30:00', '18 hour 30 minute'),
('pt-ml-cr-central',  false, 1, true, '06:30:00', '18 hour 30 minute'),
('pt-ml-cr-central',  false, 2, true, '06:30:00', '18 hour 30 minute'),
('pt-ml-cr-central',  false, 3, true, '06:30:00', '18 hour 30 minute'),
('pt-ml-cr-central',  false, 4, true, '06:30:00', '18 hour 30 minute'),
('pt-ml-cr-central',  false, 5, true, '06:30:00', '18 hour 30 minute'),
('pt-ml-cr-central',  false, 6, true, '06:30:00', '18 hour 30 minute'),
('pt-ml-cr-central',  true,  0, true, '06:30:00', '18 hour 30 minute'),
('pt-ml-cs-central',  false, 0, true, '06:30:00', '18 hour 30 minute'),
('pt-ml-cs-central',  false, 1, true, '06:30:00', '18 hour 30 minute'),
('pt-ml-cs-central',  false, 2, true, '06:30:00', '18 hour 30 minute'),
('pt-ml-cs-central',  false, 3, true, '06:30:00', '18 hour 30 minute'),
('pt-ml-cs-central',  false, 4, true, '06:30:00', '18 hour 30 minute'),
('pt-ml-cs-central',  false, 5, true, '06:30:00', '18 hour 30 minute'),
('pt-ml-cs-central',  false, 6, true, '06:30:00', '18 hour 30 minute'),
('pt-ml-cs-central',  true,  0, true, '06:30:00', '18 hour 30 minute'),
('pt-ml-cs-central',  true,  365, true, '06:30:00', '24 hour'),
('pt-ml-cg-central',  false, 0, true, '06:30:00', '18 hour 30 minute'),
('pt-ml-cg-central',  false, 1, true, '06:30:00', '18 hour 30 minute'),
('pt-ml-cg-central',  false, 2, true, '06:30:00', '18 hour 30 minute'),
('pt-ml-cg-central',  false, 3, true, '06:30:00', '18 hour 30 minute'),
('pt-ml-cg-central',  false, 4, true, '06:30:00', '18 hour 30 minute'),
('pt-ml-cg-central',  false, 5, true, '06:30:00', '18 hour 30 minute'),
('pt-ml-cg-central',  false, 6, true, '06:30:00', '18 hour 30 minute'),
('pt-ml-cg-central',  true,  0, true, '06:30:00', '18 hour 30 minute'),
('pt-ml-cp-norte',    false, 0, true, '06:30:00', '18 hour 30 minute'),
('pt-ml-cp-norte',    false, 1, true, '06:30:00', '18 hour 30 minute'),
('pt-ml-cp-norte',    false, 2, true, '06:30:00', '18 hour 30 minute'),
('pt-ml-cp-norte',    false, 3, true, '06:30:00', '18 hour 30 minute'),
('pt-ml-cp-norte',    false, 4, true, '06:30:00', '18 hour 30 minute'),
('pt-ml-cp-norte',    false, 5, true, '06:30:00', '18 hour 30 minute'),
('pt-ml-cp-norte',    false, 6, true, '06:30:00', '18 hour 30 minute'),
('pt-ml-cp-norte',    true,  0, true, '06:30:00', '18 hour 30 minute'),
('pt-ml-cp-sul',      false, 0, false, '00:00:00', '0 minute'),
('pt-ml-cp-sul',      false, 1, true, '06:30:00', '15 hour'),
('pt-ml-cp-sul',      false, 2, true, '06:30:00', '15 hour'),
('pt-ml-cp-sul',      false, 3, true, '06:30:00', '15 hour'),
('pt-ml-cp-sul',      false, 4, true, '06:30:00', '15 hour'),
('pt-ml-cp-sul',      false, 5, true, '06:30:00', '15 hour'),
('pt-ml-cp-sul',      false, 6, false, '00:00:00', '0 minute'),
('pt-ml-cp-sul',      true,  0, false, '00:00:00', '0 minute'),
('pt-ml-ca-central',  false, 0, true, '06:30:00', '18 hour 30 minute'),
('pt-ml-ca-central',  false, 1, true, '06:30:00', '18 hour 30 minute'),
('pt-ml-ca-central',  false, 2, true, '06:30:00', '18 hour 30 minute'),
('pt-ml-ca-central',  false, 3, true, '06:30:00', '18 hour 30 minute'),
('pt-ml-ca-central',  false, 4, true, '06:30:00', '18 hour 30 minute'),
('pt-ml-ca-central',  false, 5, true, '06:30:00', '18 hour 30 minute'),
('pt-ml-ca-central',  false, 6, true, '06:30:00', '18 hour 30 minute'),
('pt-ml-ca-central',  true,  0, true, '06:30:00', '18 hour 30 minute'),
('pt-ml-ch-central',  false, 0, true, '06:30:00', '18 hour 30 minute'),
('pt-ml-ch-central',  false, 1, true, '06:30:00', '18 hour 30 minute'),
('pt-ml-ch-central',  false, 2, true, '06:30:00', '18 hour 30 minute'),
('pt-ml-ch-central',  false, 3, true, '06:30:00', '18 hour 30 minute'),
('pt-ml-ch-central',  false, 4, true, '06:30:00', '18 hour 30 minute'),
('pt-ml-ch-central',  false, 5, true, '06:30:00', '18 hour 30 minute'),
('pt-ml-ch-central',  false, 6, true, '06:30:00', '18 hour 30 minute'),
('pt-ml-ch-central',  true,  0, true, '06:30:00', '18 hour 30 minute'),
('pt-ml-cu-central',  false, 0, true, '06:30:00', '18 hour 30 minute'),
('pt-ml-cu-central',  false, 1, true, '06:30:00', '18 hour 30 minute'),
('pt-ml-cu-central',  false, 2, true, '06:30:00', '18 hour 30 minute'),
('pt-ml-cu-central',  false, 3, true, '06:30:00', '18 hour 30 minute'),
('pt-ml-cu-central',  false, 4, true, '06:30:00', '18 hour 30 minute'),
('pt-ml-cu-central',  false, 5, true, '06:30:00', '18 hour 30 minute'),
('pt-ml-cu-central',  false, 6, true, '06:30:00', '18 hour 30 minute'),
('pt-ml-cu-central',  true,  0, true, '06:30:00', '18 hour 30 minute'),
('pt-ml-cm-central',  false, 0, true, '06:30:00', '18 hour 30 minute'),
('pt-ml-cm-central',  false, 1, true, '06:30:00', '18 hour 30 minute'),
('pt-ml-cm-central',  false, 2, true, '06:30:00', '18 hour 30 minute'),
('pt-ml-cm-central',  false, 3, true, '06:30:00', '18 hour 30 minute'),
('pt-ml-cm-central',  false, 4, true, '06:30:00', '18 hour 30 minute'),
('pt-ml-cm-central',  false, 5, true, '06:30:00', '18 hour 30 minute'),
('pt-ml-cm-central',  false, 6, true, '06:30:00', '18 hour 30 minute'),
('pt-ml-cm-central',  true,  0, true, '06:30:00', '18 hour 30 minute'),
('pt-ml-cm-central',  true,  365, true, '06:30:00', '24 hour'),
('pt-ml-en-central',  false, 0, true, '06:30:00', '18 hour 30 minute'),
('pt-ml-en-central',  false, 1, true, '06:30:00', '18 hour 30 minute'),
('pt-ml-en-central',  false, 2, true, '06:30:00', '18 hour 30 minute'),
('pt-ml-en-central',  false, 3, true, '06:30:00', '18 hour 30 minute'),
('pt-ml-en-central',  false, 4, true, '06:30:00', '18 hour 30 minute'),
('pt-ml-en-central',  false, 5, true, '06:30:00', '18 hour 30 minute'),
('pt-ml-en-central',  false, 6, true, '06:30:00', '18 hour 30 minute'),
('pt-ml-en-central',  true,  0, true, '06:30:00', '18 hour 30 minute'),
('pt-ml-ec-norte',    false, 0, true, '06:30:00', '18 hour 30 minute'),
('pt-ml-ec-norte',    false, 1, true, '06:30:00', '18 hour 30 minute'),
('pt-ml-ec-norte',    false, 2, true, '06:30:00', '18 hour 30 minute'),
('pt-ml-ec-norte',    false, 3, true, '06:30:00', '18 hour 30 minute'),
('pt-ml-ec-norte',    false, 4, true, '06:30:00', '18 hour 30 minute'),
('pt-ml-ec-norte',    false, 5, true, '06:30:00', '18 hour 30 minute'),
('pt-ml-ec-norte',    false, 6, true, '06:30:00', '18 hour 30 minute'),
('pt-ml-ec-norte',    true,  0, true, '06:30:00', '18 hour 30 minute'),
('pt-ml-ec-sul',      false, 0, true, '06:30:00', '18 hour 30 minute'),
('pt-ml-ec-sul',      false, 1, true, '06:30:00', '18 hour 30 minute'),
('pt-ml-ec-sul',      false, 2, true, '06:30:00', '18 hour 30 minute'),
('pt-ml-ec-sul',      false, 3, true, '06:30:00', '18 hour 30 minute'),
('pt-ml-ec-sul',      false, 4, true, '06:30:00', '18 hour 30 minute'),
('pt-ml-ec-sul',      false, 5, true, '06:30:00', '18 hour 30 minute'),
('pt-ml-ec-sul',      false, 6, true, '06:30:00', '18 hour 30 minute'),
('pt-ml-ec-sul',      true,  0, true, '06:30:00', '18 hour 30 minute'),
('pt-ml-in-norte',    false, 0, false, '00:00:00', '0 minute'),
('pt-ml-in-norte',    false, 1, true, '06:30:00', '15 hour'),
('pt-ml-in-norte',    false, 2, true, '06:30:00', '15 hour'),
('pt-ml-in-norte',    false, 3, true, '06:30:00', '15 hour'),
('pt-ml-in-norte',    false, 4, true, '06:30:00', '15 hour'),
('pt-ml-in-norte',    false, 5, true, '06:30:00', '15 hour'),
('pt-ml-in-norte',    false, 6, false, '00:00:00', '0 minute'),
('pt-ml-in-norte',    true,  0, false, '00:00:00', '0 minute'),
('pt-ml-in-sul',      false, 0, true, '06:30:00', '18 hour 30 minute'),
('pt-ml-in-sul',      false, 1, true, '06:30:00', '18 hour 30 minute'),
('pt-ml-in-sul',      false, 2, true, '06:30:00', '18 hour 30 minute'),
('pt-ml-in-sul',      false, 3, true, '06:30:00', '18 hour 30 minute'),
('pt-ml-in-sul',      false, 4, true, '06:30:00', '18 hour 30 minute'),
('pt-ml-in-sul',      false, 5, true, '06:30:00', '18 hour 30 minute'),
('pt-ml-in-sul',      false, 6, true, '06:30:00', '18 hour 30 minute'),
('pt-ml-in-sul',      true,  0, true, '06:30:00', '18 hour 30 minute'),
('pt-ml-jz-norte',    false, 0, true, '06:30:00', '18 hour 30 minute'),
('pt-ml-jz-norte',    false, 1, true, '06:30:00', '18 hour 30 minute'),
('pt-ml-jz-norte',    false, 2, true, '06:30:00', '18 hour 30 minute'),
('pt-ml-jz-norte',    false, 3, true, '06:30:00', '18 hour 30 minute'),
('pt-ml-jz-norte',    false, 4, true, '06:30:00', '18 hour 30 minute'),
('pt-ml-jz-norte',    false, 5, true, '06:30:00', '18 hour 30 minute'),
('pt-ml-jz-norte',    false, 6, true, '06:30:00', '18 hour 30 minute'),
('pt-ml-jz-norte',    true,  0, true, '06:30:00', '18 hour 30 minute'),
('pt-ml-jz-norte',    true,  365, true, '06:30:00', '24 hour'),
('pt-ml-jz-sul',      false, 0, true, '06:30:00', '18 hour 30 minute'),
('pt-ml-jz-sul',      false, 1, true, '06:30:00', '18 hour 30 minute'),
('pt-ml-jz-sul',      false, 2, true, '06:30:00', '18 hour 30 minute'),
('pt-ml-jz-sul',      false, 3, true, '06:30:00', '18 hour 30 minute'),
('pt-ml-jz-sul',      false, 4, true, '06:30:00', '18 hour 30 minute'),
('pt-ml-jz-sul',      false, 5, true, '06:30:00', '18 hour 30 minute'),
('pt-ml-jz-sul',      false, 6, true, '06:30:00', '18 hour 30 minute'),
('pt-ml-jz-sul',      true,  0, true, '06:30:00', '18 hour 30 minute'),
('pt-ml-jz-sul',      true,  365, true, '06:30:00', '24 hour'),
('pt-ml-la-central',  false, 0, true, '06:30:00', '18 hour 30 minute'),
('pt-ml-la-central',  false, 1, true, '06:30:00', '18 hour 30 minute'),
('pt-ml-la-central',  false, 2, true, '06:30:00', '18 hour 30 minute'),
('pt-ml-la-central',  false, 3, true, '06:30:00', '18 hour 30 minute'),
('pt-ml-la-central',  false, 4, true, '06:30:00', '18 hour 30 minute'),
('pt-ml-la-central',  false, 5, true, '06:30:00', '18 hour 30 minute'),
('pt-ml-la-central',  false, 6, true, '06:30:00', '18 hour 30 minute'),
('pt-ml-la-central',  true,  0, true, '06:30:00', '18 hour 30 minute'),
('pt-ml-lu-norte',    false, 0, true, '06:30:00', '18 hour 30 minute'),
('pt-ml-lu-norte',    false, 1, true, '06:30:00', '18 hour 30 minute'),
('pt-ml-lu-norte',    false, 2, true, '06:30:00', '18 hour 30 minute'),
('pt-ml-lu-norte',    false, 3, true, '06:30:00', '18 hour 30 minute'),
('pt-ml-lu-norte',    false, 4, true, '06:30:00', '18 hour 30 minute'),
('pt-ml-lu-norte',    false, 5, true, '06:30:00', '18 hour 30 minute'),
('pt-ml-lu-norte',    false, 6, true, '06:30:00', '18 hour 30 minute'),
('pt-ml-lu-norte',    true,  0, true, '06:30:00', '18 hour 30 minute'),
('pt-ml-lu-sul',      false, 0, true, '06:30:00', '18 hour 30 minute'),
('pt-ml-lu-sul',      false, 1, true, '06:30:00', '18 hour 30 minute'),
('pt-ml-lu-sul',      false, 2, true, '06:30:00', '18 hour 30 minute'),
('pt-ml-lu-sul',      false, 3, true, '06:30:00', '18 hour 30 minute'),
('pt-ml-lu-sul',      false, 4, true, '06:30:00', '18 hour 30 minute'),
('pt-ml-lu-sul',      false, 5, true, '06:30:00', '18 hour 30 minute'),
('pt-ml-lu-sul',      false, 6, true, '06:30:00', '18 hour 30 minute'),
('pt-ml-lu-sul',      true,  0, true, '06:30:00', '18 hour 30 minute'),
('pt-ml-mp-norte',    false, 0, true, '06:30:00', '18 hour 30 minute'),
('pt-ml-mp-norte',    false, 1, true, '06:30:00', '18 hour 30 minute'),
('pt-ml-mp-norte',    false, 2, true, '06:30:00', '18 hour 30 minute'),
('pt-ml-mp-norte',    false, 3, true, '06:30:00', '18 hour 30 minute'),
('pt-ml-mp-norte',    false, 4, true, '06:30:00', '18 hour 30 minute'),
('pt-ml-mp-norte',    false, 5, true, '06:30:00', '18 hour 30 minute'),
('pt-ml-mp-norte',    false, 6, true, '06:30:00', '18 hour 30 minute'),
('pt-ml-mp-norte',    true,  0, true, '06:30:00', '18 hour 30 minute'),
('pt-ml-mp-norte',    true,  365, true, '06:30:00', '24 hour'),
('pt-ml-mp-sul',      false, 0, false, '00:00:00', '0 minute'),
('pt-ml-mp-sul',      false, 1, true, '06:30:00', '15 hour'),
('pt-ml-mp-sul',      false, 2, true, '06:30:00', '15 hour'),
('pt-ml-mp-sul',      false, 3, true, '06:30:00', '15 hour'),
('pt-ml-mp-sul',      false, 4, true, '06:30:00', '15 hour'),
('pt-ml-mp-sul',      false, 5, true, '06:30:00', '15 hour'),
('pt-ml-mp-sul',      false, 6, false, '00:00:00', '0 minute'),
('pt-ml-mp-sul',      true,  0, false, '00:00:00', '0 minute'),
('pt-ml-mm-sul',      false, 0, true, '06:30:00', '18 hour 30 minute'),
('pt-ml-mm-sul',      false, 1, true, '06:30:00', '18 hour 30 minute'),
('pt-ml-mm-sul',      false, 2, true, '06:30:00', '18 hour 30 minute'),
('pt-ml-mm-sul',      false, 3, true, '06:30:00', '18 hour 30 minute'),
('pt-ml-mm-sul',      false, 4, true, '06:30:00', '18 hour 30 minute'),
('pt-ml-mm-sul',      false, 5, true, '06:30:00', '18 hour 30 minute'),
('pt-ml-mm-sul',      false, 6, true, '06:30:00', '18 hour 30 minute'),
('pt-ml-mm-sul',      true,  0, true, '06:30:00', '18 hour 30 minute'),
('pt-ml-mo-central',  false, 0, true, '06:30:00', '18 hour 30 minute'),
('pt-ml-mo-central',  false, 1, true, '06:30:00', '18 hour 30 minute'),
('pt-ml-mo-central',  false, 2, true, '06:30:00', '18 hour 30 minute'),
('pt-ml-mo-central',  false, 3, true, '06:30:00', '18 hour 30 minute'),
('pt-ml-mo-central',  false, 4, true, '06:30:00', '18 hour 30 minute'),
('pt-ml-mo-central',  false, 5, true, '06:30:00', '18 hour 30 minute'),
('pt-ml-mo-central',  false, 6, true, '06:30:00', '18 hour 30 minute'),
('pt-ml-mo-central',  true,  0, true, '06:30:00', '18 hour 30 minute'),
('pt-ml-mo-central',  true,  365, true, '06:30:00', '24 hour'),
('pt-ml-od-norte',    false, 0, true, '06:30:00', '18 hour 30 minute'),
('pt-ml-od-norte',    false, 1, true, '06:30:00', '18 hour 30 minute'),
('pt-ml-od-norte',    false, 2, true, '06:30:00', '18 hour 30 minute'),
('pt-ml-od-norte',    false, 3, true, '06:30:00', '18 hour 30 minute'),
('pt-ml-od-norte',    false, 4, true, '06:30:00', '18 hour 30 minute'),
('pt-ml-od-norte',    false, 5, true, '06:30:00', '18 hour 30 minute'),
('pt-ml-od-norte',    false, 6, true, '06:30:00', '18 hour 30 minute'),
('pt-ml-od-norte',    true,  0, true, '06:30:00', '18 hour 30 minute'),
('pt-ml-od-sul',      false, 0, true, '06:30:00', '18 hour 30 minute'),
('pt-ml-od-sul',      false, 1, true, '06:30:00', '18 hour 30 minute'),
('pt-ml-od-sul',      false, 2, true, '06:30:00', '18 hour 30 minute'),
('pt-ml-od-sul',      false, 3, true, '06:30:00', '18 hour 30 minute'),
('pt-ml-od-sul',      false, 4, true, '06:30:00', '18 hour 30 minute'),
('pt-ml-od-sul',      false, 5, true, '06:30:00', '18 hour 30 minute'),
('pt-ml-od-sul',      false, 6, true, '06:30:00', '18 hour 30 minute'),
('pt-ml-od-sul',      true,  0, true, '06:30:00', '18 hour 30 minute'),
('pt-ml-ol-central',  false, 0, true, '06:30:00', '18 hour 30 minute'),
('pt-ml-ol-central',  false, 1, true, '06:30:00', '18 hour 30 minute'),
('pt-ml-ol-central',  false, 2, true, '06:30:00', '18 hour 30 minute'),
('pt-ml-ol-central',  false, 3, true, '06:30:00', '18 hour 30 minute'),
('pt-ml-ol-central',  false, 4, true, '06:30:00', '18 hour 30 minute'),
('pt-ml-ol-central',  false, 5, true, '06:30:00', '18 hour 30 minute'),
('pt-ml-ol-central',  false, 6, true, '06:30:00', '18 hour 30 minute'),
('pt-ml-ol-central',  true,  0, true, '06:30:00', '18 hour 30 minute'),
('pt-ml-os-central',  false, 0, true, '06:30:00', '18 hour 30 minute'),
('pt-ml-os-central',  false, 1, true, '06:30:00', '18 hour 30 minute'),
('pt-ml-os-central',  false, 2, true, '06:30:00', '18 hour 30 minute'),
('pt-ml-os-central',  false, 3, true, '06:30:00', '18 hour 30 minute'),
('pt-ml-os-central',  false, 4, true, '06:30:00', '18 hour 30 minute'),
('pt-ml-os-central',  false, 5, true, '06:30:00', '18 hour 30 minute'),
('pt-ml-os-central',  false, 6, true, '06:30:00', '18 hour 30 minute'),
('pt-ml-os-central',  true,  0, true, '06:30:00', '18 hour 30 minute'),
('pt-ml-os-central',  true,  365, true, '06:30:00', '24 hour'),
('pt-ml-or-central',  false, 0, true, '06:30:00', '18 hour 30 minute'),
('pt-ml-or-central',  false, 1, true, '06:30:00', '18 hour 30 minute'),
('pt-ml-or-central',  false, 2, true, '06:30:00', '18 hour 30 minute'),
('pt-ml-or-central',  false, 3, true, '06:30:00', '18 hour 30 minute'),
('pt-ml-or-central',  false, 4, true, '06:30:00', '18 hour 30 minute'),
('pt-ml-or-central',  false, 5, true, '06:30:00', '18 hour 30 minute'),
('pt-ml-or-central',  false, 6, true, '06:30:00', '18 hour 30 minute'),
('pt-ml-or-central',  true,  0, true, '06:30:00', '18 hour 30 minute'),
('pt-ml-or-central',  true,  365, true, '06:30:00', '24 hour'),
('pt-ml-pa-central',  false, 0, true, '06:30:00', '18 hour 30 minute'),
('pt-ml-pa-central',  false, 1, true, '06:30:00', '18 hour 30 minute'),
('pt-ml-pa-central',  false, 2, true, '06:30:00', '18 hour 30 minute'),
('pt-ml-pa-central',  false, 3, true, '06:30:00', '18 hour 30 minute'),
('pt-ml-pa-central',  false, 4, true, '06:30:00', '18 hour 30 minute'),
('pt-ml-pa-central',  false, 5, true, '06:30:00', '18 hour 30 minute'),
('pt-ml-pa-central',  false, 6, true, '06:30:00', '18 hour 30 minute'),
('pt-ml-pa-central',  true,  0, true, '06:30:00', '18 hour 30 minute'),
('pt-ml-pi-norte',    false, 0, true, '06:30:00', '18 hour 30 minute'),
('pt-ml-pi-norte',    false, 1, true, '06:30:00', '18 hour 30 minute'),
('pt-ml-pi-norte',    false, 2, true, '06:30:00', '18 hour 30 minute'),
('pt-ml-pi-norte',    false, 3, true, '06:30:00', '18 hour 30 minute'),
('pt-ml-pi-norte',    false, 4, true, '06:30:00', '18 hour 30 minute'),
('pt-ml-pi-norte',    false, 5, true, '06:30:00', '18 hour 30 minute'),
('pt-ml-pi-norte',    false, 6, true, '06:30:00', '18 hour 30 minute'),
('pt-ml-pi-norte',    true,  0, true, '06:30:00', '18 hour 30 minute'),
('pt-ml-pi-sul',      false, 0, false, '00:00:00', '0 minute'),
('pt-ml-pi-sul',      false, 1, true, '06:30:00', '15 hour'),
('pt-ml-pi-sul',      false, 2, true, '06:30:00', '15 hour'),
('pt-ml-pi-sul',      false, 3, true, '06:30:00', '15 hour'),
('pt-ml-pi-sul',      false, 4, true, '06:30:00', '15 hour'),
('pt-ml-pi-sul',      false, 5, true, '06:30:00', '15 hour'),
('pt-ml-pi-sul',      false, 6, false, '00:00:00', '0 minute'),
('pt-ml-pi-sul',      true,  0, false, '00:00:00', '0 minute'),
('pt-ml-po-central',  false, 0, true, '06:30:00', '18 hour 30 minute'),
('pt-ml-po-central',  false, 1, true, '06:30:00', '18 hour 30 minute'),
('pt-ml-po-central',  false, 2, true, '06:30:00', '18 hour 30 minute'),
('pt-ml-po-central',  false, 3, true, '06:30:00', '18 hour 30 minute'),
('pt-ml-po-central',  false, 4, true, '06:30:00', '18 hour 30 minute'),
('pt-ml-po-central',  false, 5, true, '06:30:00', '18 hour 30 minute'),
('pt-ml-po-central',  false, 6, true, '06:30:00', '18 hour 30 minute'),
('pt-ml-po-central',  true,  0, true, '06:30:00', '18 hour 30 minute'),
('pt-ml-po-central',  true,  365, true, '06:30:00', '24 hour'),
('pt-ml-pe-norte',    false, 0, true, '06:30:00', '15 hour'),
('pt-ml-pe-norte',    false, 1, true, '06:30:00', '15 hour'),
('pt-ml-pe-norte',    false, 2, true, '06:30:00', '15 hour'),
('pt-ml-pe-norte',    false, 3, true, '06:30:00', '15 hour'),
('pt-ml-pe-norte',    false, 4, true, '06:30:00', '15 hour'),
('pt-ml-pe-norte',    false, 5, true, '06:30:00', '15 hour'),
('pt-ml-pe-norte',    false, 6, true, '06:30:00', '15 hour'),
('pt-ml-pe-norte',    true,  0, true, '06:30:00', '15 hour'),
('pt-ml-pe-sul',      false, 0, true, '06:30:00', '18 hour 30 minute'),
('pt-ml-pe-sul',      false, 1, true, '06:30:00', '18 hour 30 minute'),
('pt-ml-pe-sul',      false, 2, true, '06:30:00', '18 hour 30 minute'),
('pt-ml-pe-sul',      false, 3, true, '06:30:00', '18 hour 30 minute'),
('pt-ml-pe-sul',      false, 4, true, '06:30:00', '18 hour 30 minute'),
('pt-ml-pe-sul',      false, 5, true, '06:30:00', '18 hour 30 minute'),
('pt-ml-pe-sul',      false, 6, true, '06:30:00', '18 hour 30 minute'),
('pt-ml-pe-sul',      true,  0, true, '06:30:00', '18 hour 30 minute'),
('pt-ml-qc-norte',    false, 0, true, '06:30:00', '18 hour 30 minute'),
('pt-ml-qc-norte',    false, 1, true, '06:30:00', '18 hour 30 minute'),
('pt-ml-qc-norte',    false, 2, true, '06:30:00', '18 hour 30 minute'),
('pt-ml-qc-norte',    false, 3, true, '06:30:00', '18 hour 30 minute'),
('pt-ml-qc-norte',    false, 4, true, '06:30:00', '18 hour 30 minute'),
('pt-ml-qc-norte',    false, 5, true, '06:30:00', '18 hour 30 minute'),
('pt-ml-qc-norte',    false, 6, true, '06:30:00', '18 hour 30 minute'),
('pt-ml-qc-norte',    true,  0, true, '06:30:00', '18 hour 30 minute'),
('pt-ml-qc-sul',      false, 0, true, '06:30:00', '18 hour 30 minute'),
('pt-ml-qc-sul',      false, 1, true, '06:30:00', '18 hour 30 minute'),
('pt-ml-qc-sul',      false, 2, true, '06:30:00', '18 hour 30 minute'),
('pt-ml-qc-sul',      false, 3, true, '06:30:00', '18 hour 30 minute'),
('pt-ml-qc-sul',      false, 4, true, '06:30:00', '18 hour 30 minute'),
('pt-ml-qc-sul',      false, 5, true, '06:30:00', '18 hour 30 minute'),
('pt-ml-qc-sul',      false, 6, true, '06:30:00', '18 hour 30 minute'),
('pt-ml-qc-sul',      true,  0, true, '06:30:00', '18 hour 30 minute'),
('pt-ml-ra-central',  false, 0, true, '06:30:00', '18 hour 30 minute'),
('pt-ml-ra-central',  false, 1, true, '06:30:00', '18 hour 30 minute'),
('pt-ml-ra-central',  false, 2, true, '06:30:00', '18 hour 30 minute'),
('pt-ml-ra-central',  false, 3, true, '06:30:00', '18 hour 30 minute'),
('pt-ml-ra-central',  false, 4, true, '06:30:00', '18 hour 30 minute'),
('pt-ml-ra-central',  false, 5, true, '06:30:00', '18 hour 30 minute'),
('pt-ml-ra-central',  false, 6, true, '06:30:00', '18 hour 30 minute'),
('pt-ml-ra-central',  true,  0, true, '06:30:00', '18 hour 30 minute'),
('pt-ml-rb-central',  false, 0, true, '06:30:00', '18 hour 30 minute'),
('pt-ml-rb-central',  false, 1, true, '06:30:00', '18 hour 30 minute'),
('pt-ml-rb-central',  false, 2, true, '06:30:00', '18 hour 30 minute'),
('pt-ml-rb-central',  false, 3, true, '06:30:00', '18 hour 30 minute'),
('pt-ml-rb-central',  false, 4, true, '06:30:00', '18 hour 30 minute'),
('pt-ml-rb-central',  false, 5, true, '06:30:00', '18 hour 30 minute'),
('pt-ml-rb-central',  false, 6, true, '06:30:00', '18 hour 30 minute'),
('pt-ml-rb-central',  true,  0, true, '06:30:00', '18 hour 30 minute'),
('pt-ml-re-norte',    false, 0, true, '06:30:00', '15 hour'),
('pt-ml-re-norte',    false, 1, true, '06:30:00', '15 hour'),
('pt-ml-re-norte',    false, 2, true, '06:30:00', '15 hour'),
('pt-ml-re-norte',    false, 3, true, '06:30:00', '15 hour'),
('pt-ml-re-norte',    false, 4, true, '06:30:00', '15 hour'),
('pt-ml-re-norte',    false, 5, true, '06:30:00', '15 hour'),
('pt-ml-re-norte',    false, 6, true, '06:30:00', '15 hour'),
('pt-ml-re-norte',    true,  0, true, '06:30:00', '15 hour'),
('pt-ml-re-sul',      false, 0, true, '06:30:00', '18 hour 30 minute'),
('pt-ml-re-sul',      false, 1, true, '06:30:00', '18 hour 30 minute'),
('pt-ml-re-sul',      false, 2, true, '06:30:00', '18 hour 30 minute'),
('pt-ml-re-sul',      false, 3, true, '06:30:00', '18 hour 30 minute'),
('pt-ml-re-sul',      false, 4, true, '06:30:00', '18 hour 30 minute'),
('pt-ml-re-sul',      false, 5, true, '06:30:00', '18 hour 30 minute'),
('pt-ml-re-sul',      false, 6, true, '06:30:00', '18 hour 30 minute'),
('pt-ml-re-sul',      true,  0, true, '06:30:00', '18 hour 30 minute'),
('pt-ml-re-sul',      true,  365, true, '06:30:00', '24 hour'),
('pt-ml-rm-norte',    false, 0, true, '06:30:00', '18 hour 30 minute'),
('pt-ml-rm-norte',    false, 1, true, '06:30:00', '18 hour 30 minute'),
('pt-ml-rm-norte',    false, 2, true, '06:30:00', '18 hour 30 minute'),
('pt-ml-rm-norte',    false, 3, true, '06:30:00', '18 hour 30 minute'),
('pt-ml-rm-norte',    false, 4, true, '06:30:00', '18 hour 30 minute'),
('pt-ml-rm-norte',    false, 5, true, '06:30:00', '18 hour 30 minute'),
('pt-ml-rm-norte',    false, 6, true, '06:30:00', '18 hour 30 minute'),
('pt-ml-rm-norte',    true,  0, true, '06:30:00', '18 hour 30 minute'),
('pt-ml-rm-sul',      false, 0, true, '06:30:00', '18 hour 30 minute'),
('pt-ml-rm-sul',      false, 1, true, '06:30:00', '18 hour 30 minute'),
('pt-ml-rm-sul',      false, 2, true, '06:30:00', '18 hour 30 minute'),
('pt-ml-rm-sul',      false, 3, true, '06:30:00', '18 hour 30 minute'),
('pt-ml-rm-sul',      false, 4, true, '06:30:00', '18 hour 30 minute'),
('pt-ml-rm-sul',      false, 5, true, '06:30:00', '18 hour 30 minute'),
('pt-ml-rm-sul',      false, 6, true, '06:30:00', '18 hour 30 minute'),
('pt-ml-rm-sul',      true,  0, true, '06:30:00', '18 hour 30 minute'),
('pt-ml-ro-poente',   false, 0, true, '06:30:00', '18 hour 30 minute'),
('pt-ml-ro-poente',   false, 1, true, '06:30:00', '18 hour 30 minute'),
('pt-ml-ro-poente',   false, 2, true, '06:30:00', '18 hour 30 minute'),
('pt-ml-ro-poente',   false, 3, true, '06:30:00', '18 hour 30 minute'),
('pt-ml-ro-poente',   false, 4, true, '06:30:00', '18 hour 30 minute'),
('pt-ml-ro-poente',   false, 5, true, '06:30:00', '18 hour 30 minute'),
('pt-ml-ro-poente',   false, 6, true, '06:30:00', '18 hour 30 minute'),
('pt-ml-ro-poente',   true,  0, true, '06:30:00', '18 hour 30 minute'),
('pt-ml-ro-poente',   true,  365, true, '06:30:00', '24 hour'),
('pt-ml-ro-nascente', false, 0, false, '00:00:00', '0 minute'),
('pt-ml-ro-nascente', false, 1, true, '06:30:00', '15 hour'),
('pt-ml-ro-nascente', false, 2, true, '06:30:00', '15 hour'),
('pt-ml-ro-nascente', false, 3, true, '06:30:00', '15 hour'),
('pt-ml-ro-nascente', false, 4, true, '06:30:00', '15 hour'),
('pt-ml-ro-nascente', false, 5, true, '06:30:00', '15 hour'),
('pt-ml-ro-nascente', false, 6, false, '00:00:00', '0 minute'),
('pt-ml-ro-nascente', true,  0, false, '00:00:00', '0 minute'),
('pt-ml-sa-norte',    false, 0, true, '06:30:00', '18 hour 30 minute'),
('pt-ml-sa-norte',    false, 1, true, '06:30:00', '18 hour 30 minute'),
('pt-ml-sa-norte',    false, 2, true, '06:30:00', '18 hour 30 minute'),
('pt-ml-sa-norte',    false, 3, true, '06:30:00', '18 hour 30 minute'),
('pt-ml-sa-norte',    false, 4, true, '06:30:00', '18 hour 30 minute'),
('pt-ml-sa-norte',    false, 5, true, '06:30:00', '18 hour 30 minute'),
('pt-ml-sa-norte',    false, 6, true, '06:30:00', '18 hour 30 minute'),
('pt-ml-sa-norte',    true,  0, true, '06:30:00', '18 hour 30 minute'),
('pt-ml-sa-sul',      false, 0, true, '06:30:00', '18 hour 30 minute'),
('pt-ml-sa-sul',      false, 1, true, '06:30:00', '18 hour 30 minute'),
('pt-ml-sa-sul',      false, 2, true, '06:30:00', '18 hour 30 minute'),
('pt-ml-sa-sul',      false, 3, true, '06:30:00', '18 hour 30 minute'),
('pt-ml-sa-sul',      false, 4, true, '06:30:00', '18 hour 30 minute'),
('pt-ml-sa-sul',      false, 5, true, '06:30:00', '18 hour 30 minute'),
('pt-ml-sa-sul',      false, 6, true, '06:30:00', '18 hour 30 minute'),
('pt-ml-sa-sul',      true,  0, true, '06:30:00', '18 hour 30 minute'),
('pt-ml-sa-este',     false, 0, true, '06:30:00', '18 hour 30 minute'),
('pt-ml-sa-este',     false, 1, true, '06:30:00', '18 hour 30 minute'),
('pt-ml-sa-este',     false, 2, true, '06:30:00', '18 hour 30 minute'),
('pt-ml-sa-este',     false, 3, true, '06:30:00', '18 hour 30 minute'),
('pt-ml-sa-este',     false, 4, true, '06:30:00', '18 hour 30 minute'),
('pt-ml-sa-este',     false, 5, true, '06:30:00', '18 hour 30 minute'),
('pt-ml-sa-este',     false, 6, true, '06:30:00', '18 hour 30 minute'),
('pt-ml-sa-este',     true,  0, true, '06:30:00', '18 hour 30 minute'),
('pt-ml-sp-central',  false, 0, true, '06:30:00', '18 hour 30 minute'),
('pt-ml-sp-central',  false, 1, true, '06:30:00', '18 hour 30 minute'),
('pt-ml-sp-central',  false, 2, true, '06:30:00', '18 hour 30 minute'),
('pt-ml-sp-central',  false, 3, true, '06:30:00', '18 hour 30 minute'),
('pt-ml-sp-central',  false, 4, true, '06:30:00', '18 hour 30 minute'),
('pt-ml-sp-central',  false, 5, true, '06:30:00', '18 hour 30 minute'),
('pt-ml-sp-central',  false, 6, true, '06:30:00', '18 hour 30 minute'),
('pt-ml-sp-central',  true,  0, true, '06:30:00', '18 hour 30 minute'),
('pt-ml-ss-norte',    false, 0, true, '06:30:00', '18 hour 30 minute'),
('pt-ml-ss-norte',    false, 1, true, '06:30:00', '18 hour 30 minute'),
('pt-ml-ss-norte',    false, 2, true, '06:30:00', '18 hour 30 minute'),
('pt-ml-ss-norte',    false, 3, true, '06:30:00', '18 hour 30 minute'),
('pt-ml-ss-norte',    false, 4, true, '06:30:00', '18 hour 30 minute'),
('pt-ml-ss-norte',    false, 5, true, '06:30:00', '18 hour 30 minute'),
('pt-ml-ss-norte',    false, 6, true, '06:30:00', '18 hour 30 minute'),
('pt-ml-ss-norte',    true,  0, true, '06:30:00', '18 hour 30 minute'),
('pt-ml-ss-norte',    true,  365, true, '06:30:00', '24 hour'),
('pt-ml-ss-sul',      false, 0, true, '06:30:00', '18 hour 30 minute'),
('pt-ml-ss-sul',      false, 1, true, '06:30:00', '18 hour 30 minute'),
('pt-ml-ss-sul',      false, 2, true, '06:30:00', '18 hour 30 minute'),
('pt-ml-ss-sul',      false, 3, true, '06:30:00', '18 hour 30 minute'),
('pt-ml-ss-sul',      false, 4, true, '06:30:00', '18 hour 30 minute'),
('pt-ml-ss-sul',      false, 5, true, '06:30:00', '18 hour 30 minute'),
('pt-ml-ss-sul',      false, 6, true, '06:30:00', '18 hour 30 minute'),
('pt-ml-ss-sul',      true,  0, true, '06:30:00', '18 hour 30 minute'),
('pt-ml-ss-sul',      true,  365, true, '06:30:00', '24 hour'),
('pt-ml-ss-este',     false, 0, true, '06:30:00', '18 hour 30 minute'),
('pt-ml-ss-este',     false, 1, true, '06:30:00', '18 hour 30 minute'),
('pt-ml-ss-este',     false, 2, true, '06:30:00', '18 hour 30 minute'),
('pt-ml-ss-este',     false, 3, true, '06:30:00', '18 hour 30 minute'),
('pt-ml-ss-este',     false, 4, true, '06:30:00', '18 hour 30 minute'),
('pt-ml-ss-este',     false, 5, true, '06:30:00', '18 hour 30 minute'),
('pt-ml-ss-este',     false, 6, true, '06:30:00', '18 hour 30 minute'),
('pt-ml-ss-este',     true,  0, true, '06:30:00', '18 hour 30 minute'),
('pt-ml-ss-este',     true,  365, true, '06:30:00', '24 hour'),
('pt-ml-sr-norte',    false, 0, true, '06:30:00', '18 hour 30 minute'),
('pt-ml-sr-norte',    false, 1, true, '06:30:00', '18 hour 30 minute'),
('pt-ml-sr-norte',    false, 2, true, '06:30:00', '18 hour 30 minute'),
('pt-ml-sr-norte',    false, 3, true, '06:30:00', '18 hour 30 minute'),
('pt-ml-sr-norte',    false, 4, true, '06:30:00', '18 hour 30 minute'),
('pt-ml-sr-norte',    false, 5, true, '06:30:00', '18 hour 30 minute'),
('pt-ml-sr-norte',    false, 6, true, '06:30:00', '18 hour 30 minute'),
('pt-ml-sr-norte',    true,  0, true, '06:30:00', '18 hour 30 minute'),
('pt-ml-sr-sul',      false, 0, true, '06:30:00', '18 hour 30 minute'),
('pt-ml-sr-sul',      false, 1, true, '06:30:00', '18 hour 30 minute'),
('pt-ml-sr-sul',      false, 2, true, '06:30:00', '18 hour 30 minute'),
('pt-ml-sr-sul',      false, 3, true, '06:30:00', '18 hour 30 minute'),
('pt-ml-sr-sul',      false, 4, true, '06:30:00', '18 hour 30 minute'),
('pt-ml-sr-sul',      false, 5, true, '06:30:00', '18 hour 30 minute'),
('pt-ml-sr-sul',      false, 6, true, '06:30:00', '18 hour 30 minute'),
('pt-ml-sr-sul',      true,  0, true, '06:30:00', '18 hour 30 minute'),
('pt-ml-te-central',  false, 0, true, '06:30:00', '18 hour 30 minute'),
('pt-ml-te-central',  false, 1, true, '06:30:00', '18 hour 30 minute'),
('pt-ml-te-central',  false, 2, true, '06:30:00', '18 hour 30 minute'),
('pt-ml-te-central',  false, 3, true, '06:30:00', '18 hour 30 minute'),
('pt-ml-te-central',  false, 4, true, '06:30:00', '18 hour 30 minute'),
('pt-ml-te-central',  false, 5, true, '06:30:00', '18 hour 30 minute'),
('pt-ml-te-central',  false, 6, true, '06:30:00', '18 hour 30 minute'),
('pt-ml-te-central',  true,  0, true, '06:30:00', '18 hour 30 minute'),
('pt-ml-te-central',  true,  365, true, '06:30:00', '24 hour'),
('pt-ml-tp-central',  false, 0, true, '06:30:00', '18 hour 30 minute'),
('pt-ml-tp-central',  false, 1, true, '06:30:00', '18 hour 30 minute'),
('pt-ml-tp-central',  false, 2, true, '06:30:00', '18 hour 30 minute'),
('pt-ml-tp-central',  false, 3, true, '06:30:00', '18 hour 30 minute'),
('pt-ml-tp-central',  false, 4, true, '06:30:00', '18 hour 30 minute'),
('pt-ml-tp-central',  false, 5, true, '06:30:00', '18 hour 30 minute'),
('pt-ml-tp-central',  false, 6, true, '06:30:00', '18 hour 30 minute'),
('pt-ml-tp-central',  true,  0, true, '06:30:00', '18 hour 30 minute'),
('pt-ml-tp-central',  true,  365, true, '06:30:00', '14 hour');
